device,VIN,data_collector,elapsed_time_s,voltage_control_module,engine_load,coolant_temperature,intake_manifold_absolut_pressure,rpm,speed,acceleration_x,acceleration_y,acceleration_z,magnitude,fuel_pressure,timing_advance,intake_air_temperature,mass_air_flow,throttle_position,fuel_level,engine_oil_temperature,radar_area,cloud_quantity,teda_time,teda_flag,fuel_model_prediction,air_fuel_ratio,other_info,city_road_label,city_road_prob,coolant_temp,distance_traveled_with_MIL_on,driver_behaviour_label,fuel_model_prediction_prob
null,PSEUDO-FASTBACK,App2Car,0.000,,56.0,,,957.0,0.0,0.5219359993934631,5.588066577911377,8.056488990783691,9.818651644968968,,,,,,,,0.0,,,0,Não identificado,,,0.0,0.7666666666666667,90.0,,,
null,PSEUDO-FASTBACK,App2Car,0.998,,56.0,,,1166.0,0.0,0.16759411990642548,6.521805286407471,7.314286231994629,9.801061935646862,,,,,,,,261.8,,,0,Não identificado,,,0.0,0.8666666666666667,90.0,0.0,0,
null,PSEUDO-FASTBACK,App2Car,1.998,,65.0,,,1353.0,2.0,-0.7781155705451965,6.847416877746582,7.491456985473633,10.179121254016739,,,,,,,,378.95,,,0,Não identificado,,,0.0,0.8333333333333334,90.0,0.0,0,
null,PSEUDO-FASTBACK,App2Car,2.999,,61.0,,,1350.0,5.0,0.45250412821769714,4.9799394607543945,7.364564418792725,8.901761965890834,,,,,,,,445.5,,,0,Não identificado,,,0.0,0.8666666666666667,90.0,0.0,0,
null,PSEUDO-FASTBACK,App2Car,3.997,,52.0,,,1063.0,6.0,1.015141487121582,4.347870349884033,8.813055992126465,9.879496178380368,,,,,,,,308.27,,,0,Não identificado,,,0.0,0.8666666666666667,90.0,0.0,0,
null,PSEUDO-FASTBACK,App2Car,4.999,,51.0,,,1055.0,6.0,0.6177040338516235,4.584896087646484,8.245630264282227,9.454800307949375,,,,,,,,298.11,,,0,Não identificado,,,0.0,0.9333333333333333,90.0,0.0,0,
null,PSEUDO-FASTBACK,App2Car,5.998,,46.0,,,1020.0,7.0,0.4620809257030487,5.916072368621826,8.415618896484375,10.297381825664917,,,,,,,,272.685,,,0,Não identificado,,,0.0,0.8666666666666667,90.0,0.0,0,
null,PSEUDO-FASTBACK,App2Car,6.998,,42.0,,,976.0,8.0,-0.4213795065879822,4.639962673187256,9.08838939666748,10.213013077569284,,,,,,,,245.73499999999999,,,0,Não identificado,,,0.0,0.8,90.0,0.0,0,
null,PSEUDO-FASTBACK,App2Car,7.998,,42.0,,,929.0,8.0,-0.29209262132644653,5.386953830718994,8.767566680908203,10.294406985247042,,,,,,,,228.25000000000003,,,0,Não identificado,,,0.0,0.6666666666666666,90.0,0.0,0,
null,PSEUDO-FASTBACK,App2Car,8.998,,44.0,,,948.0,8.0,-2.3247697353363037,4.572925090789795,8.865729331970215,10.242917299093433,,,,,,,,245.96,,,0,Não identificado,,,0.0,0.7333333333333333,90.0,0.0,0,
null,PSEUDO-FASTBACK,App2Car,9.999,,47.0,,,932.0,6.0,-0.6967126727104187,5.149928092956543,4.017470359802246,6.568655570421385,,,,,,,,248.305,,,0,Não identificado,,,0.0,0.7333333333333333,90.0,0.0,0,
null,PSEUDO-FASTBACK,App2Car,10.999,,51.0,,,962.0,6.0,0.23702596127986908,4.4508209228515625,8.054094314575195,9.205130277279423,,,,,,,,270.28,,,0,Não identificado,,,0.0,0.7666666666666667,90.0,0.0,0,
null,PSEUDO-FASTBACK,App2Car,11.998,,46.0,,,959.0,7.0,-0.07182604819536209,4.252102375030518,8.29830265045166,9.32455685099472,,,,,,,,254.135,,,0,Não identificado,,,0.0,0.7666666666666667,90.0,0.0,0,
null,PSEUDO-FASTBACK,App2Car,12.998,,44.0,,,969.0,8.0,-0.9457096457481384,4.78122091293335,11.255142211914062,12.265099525186987,,,,,,,,249.33999999999997,,,0,Não identificado,,,0.0,0.7666666666666667,90.0,0.0,0,
null,PSEUDO-FASTBACK,App2Car,13.998,,42.0,,,982.0,10.0,0.7924807667732239,5.688623428344727,7.647080421447754,9.563801610620514,,,,,,,,255.32,,,0,Não identificado,,,0.0,0.8,90.0,0.0,0,
null,PSEUDO-FASTBACK,App2Car,14.998,,42.0,,,1007.0,12.0,1.4413094520568848,6.030993938446045,6.315904140472412,8.851039822178974,,,,,,,,255.32,,,0,Não identificado,,,0.0,0.8,90.0,0.0,0,
null,PSEUDO-FASTBACK,App2Car,15.998,,40.0,,,1044.0,13.0,0.0933738648891449,2.87064790725708,9.830592155456543,10.241576060988246,,,,,,,,270.14,,,0,Não identificado,,,0.0,0.8,90.0,0.0,0,
null,PSEUDO-FASTBACK,App2Car,16.998,,40.0,,,1051.0,14.0,1.1180921792984009,3.1004912853240967,9.708487510681152,10.252702379218409,,,,,,,,280.26000000000005,,,0,Não identificado,,,0.0,0.8,90.0,0.0,0,
null,PSEUDO-FASTBACK,App2Car,17.999,,39.0,,,1089.0,15.0,0.1843535304069519,2.4612393379211426,12.339715957641602,12.584127908519477,,,,,,,,283.5,,,0,Não identificado,,,0.0,0.8333333333333334,90.0,0.0,0,
null,PSEUDO-FASTBACK,App2Car,18.998,,44.0,,,1212.0,15.0,-0.5913678407669067,3.2537200450897217,8.851364135742188,9.448971220107246,,,,,,,,320.37,,,0,Não identificado,,,0.0,0.8333333333333334,90.0,0.0,0,
null,PSEUDO-FASTBACK,App2Car,19.998,,41.0,,,1041.0,14.0,-0.7709329724311829,2.985569477081299,7.094019412994385,7.735184172494038,,,,,,,,293.7,,,0,Não identificado,,,0.0,0.8333333333333334,90.0,0.0,0,
null,PSEUDO-FASTBACK,App2Car,20.999,,41.0,,,1047.0,12.0,1.5753847360610962,3.8283286094665527,6.521805286407471,7.72475767920825,,,,,,,,293.7,,,0,Não identificado,,,0.0,0.8,90.0,0.0,0,
null,PSEUDO-FASTBACK,App2Car,21.999,,40.0,,,1041.0,11.0,1.8100165128707886,2.9328970909118652,5.286397457122803,6.310629382036204,,,,,,,,271.44,,,0,Não identificado,,,0.0,0.8,90.0,0.0,0,
null,PSEUDO-FASTBACK,App2Car,22.999,,40.0,,,1011.0,9.0,1.4508862495422363,3.1220390796661377,11.200075149536133,11.717247214227843,,,,,,,,271.44,,,0,Não identificado,,,0.0,0.8333333333333334,90.0,0.0,0,
null,PSEUDO-FASTBACK,App2Car,23.998,,43.0,,,982.0,8.0,1.7166426181793213,2.7222073078155518,8.702922821044922,9.278908348202306,,,,,,,,256.1,,,0,Não identificado,,,0.0,0.8,90.0,0.0,0,
null,PSEUDO-FASTBACK,App2Car,24.998,,43.0,,,962.0,9.0,-2.607285737991333,3.0526070594787598,8.334216117858887,9.250703058594597,,,,,,,,256.1,,,0,Não identificado,,,0.0,0.7,90.0,0.0,0,
null,PSEUDO-FASTBACK,App2Car,26.000,,44.0,,,1273.0,9.0,1.802833914756775,2.63362193107605,10.702081680297852,11.167843430663275,,,,,,,,257.315,,,0,Não identificado,,,0.0,0.8333333333333334,90.0,0.0,0,
null,PSEUDO-FASTBACK,App2Car,26.999,,36.0,,,1566.0,10.0,3.7900211811065674,6.028599739074707,10.390835762023926,12.596735418375802,,,,,,,,330.74,,,0,Não identificado,,,0.0,0.8666666666666667,90.0,0.0,0,
null,PSEUDO-FASTBACK,App2Car,28.003,,27.0,,,1737.0,12.0,-0.7709329724311829,3.0406360626220703,11.508927345275879,11.928755758759516,,,,,,,,316.28999999999996,,,0,Não identificado,,,0.0,0.8666666666666667,90.0,0.0,0,
null,PSEUDO-FASTBACK,App2Car,28.998,,30.0,,,1699.0,15.0,2.207453966140747,2.8203697204589844,9.516951560974121,10.168564568641935,,,,,,,,382.275,,,0,Não identificado,,,0.0,0.8666666666666667,90.0,0.0,0,
null,PSEUDO-FASTBACK,App2Car,29.998,,36.0,,,1522.0,16.0,3.7900211811065674,2.03507137298584,9.114726066589355,10.078889190548052,,,,,,,,395.72,,,0,Não identificado,,,0.0,0.8666666666666667,90.0,0.0,0,
null,PSEUDO-FASTBACK,App2Car,30.998,,36.0,,,1515.0,18.0,-1.6208745241165161,1.9608511924743652,9.576807022094727,9.908955765387237,,,,,,,,409.04999999999995,,,0,Não identificado,,,1.0,0.5333333333333333,90.0,0.0,0,
null,PSEUDO-FASTBACK,App2Car,31.999,,34.0,,,1492.0,20.0,2.4133553504943848,5.896918773651123,6.0190229415893555,8.765076853181489,,,,,,,,410.94000000000005,,,0,Não identificado,,,1.0,0.5333333333333333,90.0,0.0,0,
null,PSEUDO-FASTBACK,App2Car,32.998,,31.0,,,1510.0,21.0,0.8212111592292786,5.736507415771484,6.651092529296875,8.821504232981619,,,,,,,,396.76,,,0,Não identificado,,,0.0,0.9,90.0,0.0,0,
null,PSEUDO-FASTBACK,App2Car,33.999,,31.0,,,1505.0,22.0,-0.49559974670410156,5.463568210601807,5.501875400543213,7.769609361089805,,,,,,,,403.06500000000005,,,0,Não identificado,,,0.0,0.9,90.0,0.0,0,
null,PSEUDO-FASTBACK,App2Car,34.999,,27.0,,,1496.0,23.0,-0.7781155705451965,5.049371242523193,11.027692794799805,12.153667025323042,,,,,,,,377.5,,,0,Não identificado,,,0.0,0.8333333333333334,90.0,0.0,0,
null,PSEUDO-FASTBACK,App2Car,35.998,,25.0,,,1532.0,23.0,-1.2306196689605713,6.382941722869873,11.192893028259277,12.943617120003234,,,,,,,,364.32,,,0,Não identificado,,,0.0,0.8666666666666667,90.0,0.0,0,
null,PSEUDO-FASTBACK,App2Car,36.999,,23.0,,,1578.0,23.0,-1.9153614044189453,5.475539207458496,7.994239330291748,9.87714540704633,,,,,,,,352.36,,,0,Não identificado,,,0.0,0.7666666666666667,90.0,0.0,0,
null,PSEUDO-FASTBACK,App2Car,37.998,,29.0,,,1508.0,23.0,1.3527239561080933,3.622427225112915,6.7708024978637695,7.797153811984617,,,,,,,,392.08,,,0,Não identificado,,,0.0,0.8666666666666667,90.0,0.0,0,
null,PSEUDO-FASTBACK,App2Car,38.999,,39.0,,,1219.0,23.0,0.17477671802043915,3.404554843902588,12.509703636169434,12.96588699823862,,,,,,,,377.89,,,0,Não identificado,,,0.0,0.8333333333333334,90.0,0.0,0,
null,PSEUDO-FASTBACK,App2Car,39.999,,35.0,,,1126.0,21.0,-1.723825216293335,2.2385785579681396,9.064447402954102,9.494578140046288,,,,,,,,315.28,,,0,Não identificado,,,0.0,0.8333333333333334,90.0,0.0,0,
null,PSEUDO-FASTBACK,App2Car,40.998,,35.0,,,1090.0,18.0,-0.05027823522686958,2.2840683460235596,9.852140426635742,10.1135635211529,,,,,,,,315.28,,,0,Não identificado,,,0.0,0.8,90.0,0.0,0,
null,PSEUDO-FASTBACK,App2Car,41.998,,35.0,,,1071.0,14.0,-0.12449848651885986,2.6384103298187256,5.901707172393799,6.465822182083579,,,,,,,,315.28,,,0,Não identificado,,,0.0,0.8,90.0,0.0,0,
null,PSEUDO-FASTBACK,App2Car,42.998,,36.0,,,1019.0,10.0,-1.6663644313812256,3.950432777404785,9.174580574035645,10.126974783045467,,,,,,,,267.75,,,0,Não identificado,,,0.0,0.8,90.0,0.0,0,
null,PSEUDO-FASTBACK,App2Car,43.998,,36.0,,,980.0,9.0,-0.9528923034667969,3.3662476539611816,9.121908187866211,9.769792014043391,,,,,,,,224.77499999999998,,,0,Não identificado,,,0.0,0.8,90.0,0.0,0,
null,PSEUDO-FASTBACK,App2Car,44.998,,39.0,,,950.0,9.0,-1.0462661981582642,2.832340717315674,10.393229484558105,10.822940728612569,,,,,,,,228.48,,,0,Não identificado,,,0.0,0.6666666666666666,90.0,0.0,0,
null,PSEUDO-FASTBACK,App2Car,45.999,,36.0,,,1341.0,9.0,0.1388636976480484,3.224989652633667,9.138668060302734,9.692011932644123,,,,,,,,278.325,,,0,Não identificado,,,0.0,0.8,90.0,0.0,0,
null,PSEUDO-FASTBACK,App2Car,46.999,,44.0,,,1085.0,10.0,-0.3902548849582672,3.9839515686035156,9.813833236694336,10.598843888550233,,,,,,,,339.12,,,0,Não identificado,,,0.0,0.8,90.0,0.0,0,
null,PSEUDO-FASTBACK,App2Car,47.998,,38.0,,,1071.0,9.0,-0.7182605266571045,2.978386878967285,7.6782050132751465,8.266892935731164,,,,,,,,251.685,,,0,Não identificado,,,0.0,0.8,90.0,0.0,0,
null,PSEUDO-FASTBACK,App2Car,48.998,,44.0,,,947.0,7.0,0.5506663918495178,2.9017724990844727,9.033323287963867,9.503917441583015,,,,,,,,241.485,,,0,Não identificado,,,0.0,0.7666666666666667,90.0,0.0,0,
null,PSEUDO-FASTBACK,App2Car,49.998,,47.0,,,948.0,7.0,0.9576807022094727,3.0382418632507324,6.658275127410889,7.38110382119722,,,,,,,,257.58,,,0,Não identificado,,,0.0,0.7666666666666667,90.0,0.0,0,
null,PSEUDO-FASTBACK,App2Car,50.998,,54.0,,,960.0,6.0,-1.3192051649093628,4.048594951629639,8.169015884399414,9.2121791053504,,,,,,,,282.9,,,0,Não identificado,,,0.0,0.7666666666666667,90.0,0.0,0,
null,PSEUDO-FASTBACK,App2Car,52.000,,55.0,,,945.0,5.0,3.2824504375457764,2.964021682739258,9.339780807495117,10.333992981551084,,,,,,,,287.005,,,0,Não identificado,,,0.0,0.7666666666666667,90.0,0.0,0,
null,PSEUDO-FASTBACK,App2Car,52.998,,56.0,,,940.0,6.0,1.1563993692398071,1.0989385843276978,7.647080421447754,7.811706886807258,,,,,,,,303.8,,,0,Não identificado,,,0.0,0.7666666666666667,90.0,0.0,0,
null,PSEUDO-FASTBACK,App2Car,53.999,,50.0,,,1128.0,7.0,2.1068975925445557,4.05817174911499,9.84256362915039,10.85282609298883,,,,,,,,321.48,,,0,Não identificado,,,0.0,0.9,90.0,0.0,0,
null,PSEUDO-FASTBACK,App2Car,54.998,,46.0,,,1462.0,10.0,4.247313976287842,2.786850690841675,7.848193168640137,9.34881536872477,,,,,,,,409.36,,,0,Não identificado,,,0.0,0.8666666666666667,90.0,0.0,0,
null,PSEUDO-FASTBACK,App2Car,55.999,,36.0,,,1767.0,13.0,0.7206547260284424,4.28322696685791,9.279925346374512,10.246091494713975,,,,,,,,432.9150000000001,,,0,Não identificado,,,0.0,0.8666666666666667,90.0,0.0,0,
null,PSEUDO-FASTBACK,App2Car,56.999,,40.0,,,1818.0,15.0,-0.0454898327589035,3.936067581176758,9.222464561462402,10.027389985230702,,,,,,,,499.95000000000005,,,0,Não identificado,,,0.0,0.8333333333333334,90.0,0.0,0,
null,PSEUDO-FASTBACK,App2Car,57.998,,40.0,,,1864.0,19.0,0.07900865375995636,4.153939723968506,9.718064308166504,10.568927641695359,,,,,,,,499.95000000000005,,,0,Não identificado,,,0.0,0.8666666666666667,90.0,0.0,0,
null,PSEUDO-FASTBACK,App2Car,58.998,,45.0,,,1767.0,22.0,0.2968810200691223,4.2975921630859375,8.362946510314941,9.407247794901748,,,,,,,,607.1,,,0,Não identificado,,,0.0,0.9,90.0,0.0,1,
null,PSEUDO-FASTBACK,App2Car,59.998,,49.0,,,1660.0,24.0,-0.45489832758903503,4.3191399574279785,8.901641845703125,9.904601456366995,,,,,,,,627.2850000000001,,,0,Não identificado,,,0.0,0.8333333333333334,91.0,0.0,1,
null,PSEUDO-FASTBACK,App2Car,60.999,,59.0,,,1607.0,27.0,0.1843535304069519,4.060565948486328,9.028534889221191,9.901344569908902,,,,,,,,688.9000000000001,,,0,Não identificado,,,0.0,0.8333333333333334,91.0,0.0,1,
null,PSEUDO-FASTBACK,App2Car,61.998,,60.0,,,1600.0,29.0,-0.6416460275650024,3.8139634132385254,7.206547260284424,8.178774355423002,,,,,,,,694.76,,,0,Não identificado,,,0.0,0.8333333333333334,91.0,0.0,1,
null,PSEUDO-FASTBACK,App2Car,62.998,,59.0,,,1565.0,30.0,0.6129156351089478,3.8355112075805664,7.273584842681885,8.245716964759875,,,,,,,,704.0,,,0,Não identificado,,,0.0,0.8333333333333334,91.0,0.0,1,
null,PSEUDO-FASTBACK,App2Car,63.998,,53.0,,,1507.0,33.0,1.3407529592514038,3.423708438873291,9.481039047241211,10.169046139509158,,,,,,,,666.5,,,0,Não identificado,,,0.0,0.9,91.0,0.0,1,
null,PSEUDO-FASTBACK,App2Car,64.999,,38.0,,,1513.0,34.0,0.4572925269603729,3.205836057662964,9.349357604980469,9.894290722918543,,,,,,,,544.6800000000001,,,0,Não identificado,,,0.0,0.9,91.0,0.0,0,
null,PSEUDO-FASTBACK,App2Car,65.999,,24.0,,,1538.0,34.0,0.0933738648891449,2.580949544906616,9.986215591430664,10.314771983448345,,,,,,,,446.02000000000004,,,0,Não identificado,,,0.0,0.8333333333333334,91.0,0.0,0,
null,PSEUDO-FASTBACK,App2Car,66.998,,29.0,,,1495.0,32.0,0.6967126727104187,1.8626888990402222,9.320627212524414,9.530430741460409,,,,,,,,455.97499999999997,,,0,Não identificado,,,0.0,0.8666666666666667,91.0,0.0,0,
null,PSEUDO-FASTBACK,App2Car,67.997,,25.0,,,1477.0,27.0,0.12449848651885986,1.4437036514282227,9.77791976928711,9.884710168786354,,,,,,,,410.85,,,0,Não identificado,,,0.0,0.8666666666666667,91.0,0.0,0,
null,PSEUDO-FASTBACK,App2Car,68.998,,36.0,,,1259.0,20.0,0.6057330369949341,0.9768342971801758,8.200140953063965,8.280303702544453,,,,,,,,405.3,,,0,Não identificado,,,0.0,0.8333333333333334,91.0,0.0,0,
null,PSEUDO-FASTBACK,App2Car,69.999,,37.0,,,1127.0,18.0,-0.2082955539226532,3.2824504375457764,6.313509941101074,7.118867584743412,,,,,,,,358.815,,,0,Não identificado,,,0.0,0.8,91.0,0.0,0,
null,PSEUDO-FASTBACK,App2Car,70.998,,28.0,,,1774.0,16.0,-0.8307880163192749,5.5329999923706055,10.036493301391602,11.490669929665168,,,,,,,,269.28000000000003,,,0,Não identificado,,,0.0,0.8333333333333334,91.0,0.0,0,
null,PSEUDO-FASTBACK,App2Car,71.998,,34.0,,,1719.0,17.0,0.10534487664699554,3.8738183975219727,8.755595207214355,9.574863651907032,,,,,,,,438.345,,,0,Não identificado,,,0.0,0.8666666666666667,91.0,0.0,0,
null,PSEUDO-FASTBACK,App2Car,72.998,,41.0,,,1665.0,19.0,0.6248866319656372,3.9671921730041504,9.569623947143555,10.378188643983021,,,,,,,,509.1700000000001,,,0,Não identificado,,,0.0,0.8333333333333334,91.0,0.0,0,
null,PSEUDO-FASTBACK,App2Car,73.998,,51.0,,,1544.0,22.0,-0.8786720037460327,3.7253777980804443,7.836222171783447,8.72105969215601,,,,,,,,578.8799999999999,,,0,Não identificado,,,0.0,0.9,91.0,0.0,0,
null,PSEUDO-FASTBACK,App2Car,74.999,,52.0,,,1624.0,26.0,0.7541735172271729,4.378994941711426,9.576807022094727,10.557443209985262,,,,,,,,609.9000000000001,,,0,Não identificado,,,0.0,0.8333333333333334,91.0,0.0,1,
null,PSEUDO-FASTBACK,App2Car,75.999,,57.0,,,1657.0,27.0,0.06703764945268631,5.635950565338135,7.836222171783447,9.652710020866154,,,,,,,,671.1600000000001,,,0,Não identificado,,,0.0,0.8333333333333334,91.0,0.0,1,
null,PSEUDO-FASTBACK,App2Car,76.998,,58.0,,,1668.0,29.0,0.24181437492370605,5.5329999923706055,7.893682956695557,9.642758616097304,,,,,,,,729.495,,,0,Não identificado,,,0.0,0.8333333333333334,91.0,0.0,1,
null,PSEUDO-FASTBACK,App2Car,77.998,,58.0,,,1669.0,32.0,0.5626373887062073,5.343858242034912,7.603984832763672,9.310959514412817,,,,,,,,729.495,,,0,Não identificado,,,0.0,0.8333333333333334,91.0,0.0,1,
null,PSEUDO-FASTBACK,App2Car,78.999,,61.0,,,1688.0,34.0,0.43335050344467163,5.370194435119629,7.927201747894287,9.584743527170867,,,,,,,,801.8,,,0,Não identificado,,,0.0,0.8333333333333334,91.0,0.0,1,
null,PSEUDO-FASTBACK,App2Car,79.998,,60.0,,,1693.0,36.0,-0.08140286058187485,5.305551052093506,8.159439086914062,9.733033679441494,,,,,,,,812.64,,,0,Não identificado,,,0.0,0.8333333333333334,91.0,0.0,1,
null,PSEUDO-FASTBACK,App2Car,80.999,,60.0,,,1712.0,37.0,0.5003881454467773,5.006275653839111,8.20492935180664,9.624658429599672,,,,,,,,812.64,,,0,Não identificado,,,0.0,0.8,91.0,0.0,1,
null,PSEUDO-FASTBACK,App2Car,81.999,,59.0,,,1704.0,39.0,-0.12449848651885986,5.008669853210449,8.968679428100586,10.27324117577502,,,,,,,,821.76,,,0,Não identificado,,,0.0,0.8,91.0,0.0,1,
null,PSEUDO-FASTBACK,App2Car,82.998,,59.0,,,1721.0,40.0,0.1843535304069519,4.790797710418701,7.857769966125488,9.204905092768222,,,,,,,,821.76,,,0,Não identificado,,,0.0,0.7666666666666667,91.0,0.0,1,
null,PSEUDO-FASTBACK,App2Car,83.999,,59.0,,,1722.0,41.0,0.5770025849342346,4.46518611907959,8.4108304977417,9.540067542883735,,,,,,,,821.76,,,0,Não identificado,,,0.0,0.7666666666666667,91.0,0.0,1,
null,PSEUDO-FASTBACK,App2Car,84.999,,60.0,,,1718.0,42.0,-0.8188169598579407,4.537012100219727,6.995857238769531,8.378362519999673,,,,,,,,878.73,,,0,Não identificado,,,0.0,0.8333333333333334,91.0,0.0,1,
null,PSEUDO-FASTBACK,App2Car,86.000,,59.0,,,1721.0,42.0,0.6919242739677429,4.623203277587891,7.931990146636963,9.207020985810288,,,,,,,,876.1800000000001,,,0,Não identificado,,,0.0,0.8,91.0,0.0,1,
null,PSEUDO-FASTBACK,App2Car,87.002,,57.0,,,1735.0,43.0,0.4141969084739685,4.685452938079834,8.793902397155762,9.972850529545312,,,,,,,,860.5,,,0,Não identificado,,,0.0,0.8,91.0,0.0,1,
null,PSEUDO-FASTBACK,App2Car,87.997,,57.0,,,1737.0,45.0,0.20350714027881622,4.558559894561768,8.904036521911621,10.005186147792926,,,,,,,,860.5,,,0,Não identificado,,,0.0,0.7666666666666667,91.0,0.0,1,
null,PSEUDO-FASTBACK,App2Car,88.998,,57.0,,,1748.0,45.0,0.29209262132644653,4.395754337310791,8.947132110595703,9.972920700470485,,,,,,,,860.5,,,0,Não identificado,,,0.0,0.7666666666666667,91.0,0.0,1,
null,PSEUDO-FASTBACK,App2Car,89.999,,57.0,,,1744.0,45.0,0.6560112833976746,4.766855716705322,8.121131896972656,9.439599965880861,,,,,,,,860.5,,,0,Não identificado,,,0.0,0.8333333333333334,91.0,0.0,1,
null,PSEUDO-FASTBACK,App2Car,90.999,,57.0,,,1757.0,46.0,0.9217676520347595,4.216189384460449,7.371747016906738,8.542163813182702,,,,,,,,860.5,,,0,Não identificado,,,0.0,0.8,91.0,0.0,1,
null,PSEUDO-FASTBACK,App2Car,91.999,,57.0,,,1751.0,46.0,0.07182604819536209,3.9863457679748535,6.507440090179443,7.6317028303207035,,,,,,,,900.22,,,0,Não identificado,,,0.0,0.8,91.0,0.0,1,
null,PSEUDO-FASTBACK,App2Car,92.998,,57.0,,,1717.0,47.0,0.44771572947502136,3.9600095748901367,7.9176249504089355,8.864023356409831,,,,,,,,889.2,,,0,Não identificado,,,0.0,0.8,91.0,0.0,1,
null,PSEUDO-FASTBACK,App2Car,93.998,,57.0,,,1659.0,47.0,0.6248866319656372,4.750096321105957,6.124367713928223,7.775717218237821,,,,,,,,869.96,,,0,Não identificado,,,0.0,0.8333333333333334,91.0,0.0,1,
null,PSEUDO-FASTBACK,App2Car,94.998,,56.0,,,1648.0,47.0,1.1635819673538208,3.974374771118164,9.730035781860352,10.57464770724464,,,,,,,,849.75,,,0,Não identificado,,,0.0,0.7666666666666667,91.0,0.0,1,
null,PSEUDO-FASTBACK,App2Car,95.999,,55.0,,,1656.0,47.0,0.9241618514060974,3.9193081855773926,8.671798706054688,9.561126742150218,,,,,,,,844.56,,,0,Não identificado,,,0.0,0.7666666666666667,91.0,0.0,1,
null,PSEUDO-FASTBACK,App2Car,96.999,,56.0,,,1548.0,48.0,0.9002198576927185,4.108449935913086,9.988609313964844,10.837992097022113,,,,,,,,838.76,,,0,Não identificado,,,0.0,0.7666666666666667,91.0,0.0,1,
null,PSEUDO-FASTBACK,App2Car,98.000,,46.0,,,1507.0,48.0,1.192312479019165,3.6727054119110107,10.129867553710938,10.840875921531012,,,,,,,,716.75,,,0,Não identificado,,,0.0,0.8,91.0,0.0,1,
null,PSEUDO-FASTBACK,App2Car,98.998,,39.0,,,1526.0,48.0,0.6799532771110535,3.641580820083618,7.979874134063721,8.797831467114731,,,,,,,,650.16,,,0,Não identificado,,,0.0,0.8,91.0,0.0,1,
null,PSEUDO-FASTBACK,App2Car,99.999,,36.0,,,1542.0,48.0,1.1109095811843872,3.4189200401306152,9.742006301879883,10.384113882476509,,,,,,,,640.9200000000001,,,0,Não identificado,,,0.0,0.8333333333333334,91.0,0.0,1,
null,PSEUDO-FASTBACK,App2Car,100.998,,35.0,,,1530.0,48.0,1.161187767982483,3.4524388313293457,8.877699851989746,9.595897330557557,,,,,,,,633.7049999999999,,,0,Não identificado,,,0.0,0.8333333333333334,91.0,0.0,1,
null,PSEUDO-FASTBACK,App2Car,101.999,,20.0,,,1515.0,49.0,0.9624691009521484,3.1004912853240967,9.603142738342285,10.137048063101727,,,,,,,,522.675,,,0,Não identificado,,,0.0,0.7333333333333333,91.0,0.0,0,
null,PSEUDO-FASTBACK,App2Car,103.001,,20.0,,,1517.0,50.0,1.2042834758758545,2.782062292098999,9.739612579345703,10.200501089806119,,,,,,,,530.95,,,0,Não identificado,,,0.0,0.7,91.0,0.0,0,
null,PSEUDO-FASTBACK,App2Car,103.999,,18.0,,,1514.0,49.0,0.8379706144332886,2.164358377456665,8.7484130859375,9.051042672472771,,,,,,,,509.32,,,0,Não identificado,,,0.0,0.9,91.0,0.0,0,
null,PSEUDO-FASTBACK,App2Car,104.999,,20.0,,,1496.0,46.0,0.6512228846549988,1.235408067703247,10.292673110961914,10.386984360648814,,,,,,,,515.44,,,0,Não identificado,,,0.0,0.7333333333333333,91.0,0.0,0,
null,PSEUDO-FASTBACK,App2Car,105.998,,21.0,,,1511.0,39.0,0.45489832758903503,1.2330138683319092,9.557653427124023,9.647590099136556,,,,,,,,501.1600000000001,,,0,Não identificado,,,0.0,0.8,91.0,0.0,0,
null,PSEUDO-FASTBACK,App2Car,106.999,,21.0,,,1517.0,36.0,-0.043095629662275314,1.0821791887283325,9.890447616577148,9.949568989964806,,,,,,,,501.1600000000001,,,0,Não identificado,,,0.0,0.8,91.0,0.0,0,
null,PSEUDO-FASTBACK,App2Car,108.000,,24.0,,,1226.0,28.0,0.49559974670410156,0.7326257228851318,9.801861763000488,9.841689569364458,,,,,,,,389.74,,,0,Não identificado,,,0.0,0.8,91.0,0.0,0,
null,PSEUDO-FASTBACK,App2Car,108.999,,35.0,,,1143.0,20.0,0.4165911078453064,0.9289502501487732,7.829039573669434,7.894957717712573,,,,,,,,314.325,,,0,Não identificado,,,0.0,0.8333333333333334,91.0,0.0,0,
null,PSEUDO-FASTBACK,App2Car,109.998,,33.0,,,1126.0,15.0,-1.2210428714752197,4.141968727111816,10.520122528076172,11.371887646124918,,,,,,,,270.24,,,0,Não identificado,,,0.0,0.8,91.0,0.0,0,
null,PSEUDO-FASTBACK,App2Car,110.998,,29.0,,,1637.0,16.0,0.4644751250743866,4.206612586975098,9.224859237670898,10.149352420403595,,,,,,,,368.32500000000005,,,0,Não identificado,,,0.0,0.8333333333333334,91.0,0.0,0,
null,PSEUDO-FASTBACK,App2Car,111.999,,42.0,,,1616.0,19.0,0.26336219906806946,4.371812343597412,8.422801971435547,9.49345542284511,,,,,,,,492.88,,,0,Não identificado,,,0.0,0.8333333333333334,91.0,0.0,0,
null,PSEUDO-FASTBACK,App2Car,112.998,,43.0,,,1597.0,23.0,0.7134721279144287,4.333505153656006,8.219294548034668,9.319072500062779,,,,,,,,503.68500000000006,,,0,Não identificado,,,0.0,0.8333333333333334,91.0,0.0,0,
null,PSEUDO-FASTBACK,App2Car,113.999,,50.0,,,1558.0,26.0,0.2968810200691223,4.268861770629883,8.233659744262695,9.279249535448145,,,,,,,,574.98,,,0,Não identificado,,,0.0,0.8333333333333334,91.0,0.0,0,
null,PSEUDO-FASTBACK,App2Car,114.998,,51.0,,,1552.0,29.0,0.0454898327589035,4.230554580688477,8.822632789611816,9.784605803270884,,,,,,,,599.83,,,0,Não identificado,,,0.0,0.8,91.0,0.0,1,
null,PSEUDO-FASTBACK,App2Car,115.998,,50.0,,,1539.0,31.0,-0.13168109953403473,4.2329487800598145,8.652645111083984,9.633455387603657,,,,,,,,613.04,,,0,Não identificado,,,0.0,0.8333333333333334,91.0,0.0,1,
null,PSEUDO-FASTBACK,App2Car,116.998,,52.0,,,1562.0,33.0,-0.395043283700943,4.189853191375732,9.679757118225098,10.555028509156575,,,,,,,,643.44,,,0,Não identificado,,,0.0,0.8333333333333334,91.0,0.0,1,
null,PSEUDO-FASTBACK,App2Car,117.999,,54.0,,,1518.0,35.0,-0.6943184733390808,4.091690540313721,8.875306129455566,9.797707308940405,,,,,,,,695.98,,,0,Não identificado,,,0.0,0.8333333333333334,91.0,0.0,1,
null,PSEUDO-FASTBACK,App2Car,118.999,,53.0,,,1589.0,36.0,-0.11252748221158981,3.9456443786621094,9.227252960205078,10.036083358996883,,,,,,,,667.92,,,0,Não identificado,,,0.0,0.8,91.0,0.0,1,
null,PSEUDO-FASTBACK,App2Car,119.998,,53.0,,,1548.0,39.0,-0.4884171485900879,4.1156325340271,9.263166427612305,10.148065565999408,,,,,,,,667.92,,,0,Não identificado,,,0.0,0.8333333333333334,87.0,0.0,1,
null,PSEUDO-FASTBACK,App2Car,120.998,,50.0,,,1521.0,40.0,-0.023942016065120697,4.120420932769775,8.760383605957031,9.681051740738779,,,,,,,,683.55,,,0,Não identificado,,,0.0,0.8,87.0,0.0,1,
null,PSEUDO-FASTBACK,App2Car,121.998,,41.0,,,1528.0,41.0,0.4668693244457245,3.737348794937134,8.362946510314941,9.171947302264405,,,,,,,,622.38,,,0,Não identificado,,,0.0,0.8,87.0,0.0,1,
null,PSEUDO-FASTBACK,App2Car,122.998,,36.0,,,1530.0,41.0,0.4141969084739685,3.332728862762451,8.913613319396973,9.525289662756215,,,,,,,,585.1999999999999,,,0,Não identificado,,,0.0,0.8333333333333334,87.0,0.0,0,
null,PSEUDO-FASTBACK,App2Car,123.998,,32.0,,,1529.0,43.0,0.5195417404174805,3.4332852363586426,9.363722801208496,9.986825112722569,,,,,,,,575.25,,,0,Não identificado,,,0.0,0.8,87.0,0.0,0,
null,PSEUDO-FASTBACK,App2Car,124.997,,33.0,,,1520.0,43.0,1.436521053314209,3.1675288677215576,8.65743350982666,9.329951063190736,,,,,,,,581.02,,,0,Não identificado,,,0.0,0.8,87.0,0.0,0,
null,PSEUDO-FASTBACK,App2Car,125.998,,42.0,,,1516.0,44.0,1.1516109704971313,3.138798475265503,7.869740962982178,8.55050212093641,,,,,,,,651.88,,,0,Não identificado,,,0.0,0.8333333333333334,87.0,0.0,1,
null,PSEUDO-FASTBACK,App2Car,126.999,,45.0,,,1517.0,45.0,0.9145850539207458,2.8993782997131348,9.696516990661621,10.161953655468624,,,,,,,,684.45,,,0,Não identificado,,,0.0,0.8333333333333334,87.0,0.0,1,
null,PSEUDO-FASTBACK,App2Car,127.999,,48.0,,,1515.0,45.0,-0.06703764945268631,3.509899616241455,9.758766174316406,10.370988699613847,,,,,,,,703.0799999999999,,,0,Não identificado,,,0.0,0.8,87.0,0.0,1,
null,PSEUDO-FASTBACK,App2Car,128.999,,49.0,,,1529.0,47.0,1.0103530883789062,3.07415509223938,9.186552047729492,9.739814239500722,,,,,,,,729.1199999999999,,,0,Não identificado,,,0.0,0.7666666666666667,87.0,0.0,1,
null,PSEUDO-FASTBACK,App2Car,129.998,,53.0,,,1558.0,47.0,1.113303780555725,3.3662476539611816,9.160215377807617,9.822454598694868,,,,,,,,764.5,,,0,Não identificado,,,0.0,0.7333333333333333,87.0,0.0,1,
null,PSEUDO-FASTBACK,App2Car,130.998,,55.0,,,1569.0,49.0,0.7661445140838623,3.2393548488616943,9.02135181427002,9.615881956957331,,,,,,,,810.16,,,0,Não identificado,,,0.0,0.7333333333333333,87.0,0.0,1,
null,PSEUDO-FASTBACK,App2Car,131.998,,56.0,,,1566.0,51.0,1.599326729774475,3.2992098331451416,10.611102104187012,11.226670003931474,,,,,,,,841.02,,,0,Não identificado,,,0.0,0.7,87.0,0.0,1,
null,PSEUDO-FASTBACK,App2Car,132.998,,56.0,,,1554.0,51.0,0.43095630407333374,3.4979286193847656,8.688557624816895,9.376153878968463,,,,,,,,841.02,,,0,Não identificado,,,0.0,0.7666666666666667,87.0,0.0,1,
null,PSEUDO-FASTBACK,App2Car,133.999,,56.0,,,1552.0,52.0,0.933738648891449,3.5673606395721436,9.979032516479492,10.638562861691293,,,,,,,,841.02,,,0,Não identificado,,,0.0,0.7,87.0,0.0,1,
null,PSEUDO-FASTBACK,App2Car,134.999,,55.0,,,1564.0,53.0,1.0893617868423462,3.3949780464172363,10.409989356994629,11.003656821758337,,,,,,,,832.46,,,0,Não identificado,,,0.0,0.7,87.0,0.0,1,
null,PSEUDO-FASTBACK,App2Car,135.999,,55.0,,,1506.0,53.0,-0.5889736413955688,3.778050184249878,11.669339179992676,12.279822068852685,,,,,,,,832.46,,,0,Não identificado,,,0.0,0.7333333333333333,87.0,0.0,1,
null,PSEUDO-FASTBACK,App2Car,136.999,,54.0,,,1524.0,54.0,-0.14365209639072418,3.0095114707946777,8.121131896972656,8.6620193087795,,,,,,,,805.71,,,0,Não identificado,,,0.0,0.8,87.0,0.0,1,
null,PSEUDO-FASTBACK,App2Car,137.998,,51.0,,,1542.0,55.0,-0.3926490843296051,3.4979286193847656,8.552088737487793,9.248129524590443,,,,,,,,805.35,,,0,Não identificado,,,0.0,0.7666666666666667,87.0,0.0,1,
null,PSEUDO-FASTBACK,App2Car,138.998,,51.0,,,1520.0,55.0,-0.004788403399288654,3.1052796840667725,8.925583839416504,9.450335005677735,,,,,,,,809.8399999999999,,,0,Não identificado,,,0.0,0.7333333333333333,87.0,0.0,1,
null,PSEUDO-FASTBACK,App2Car,139.998,,51.0,,,1519.0,55.0,0.4189853072166443,3.064578056335449,8.999804496765137,9.516494540062016,,,,,,,,809.8399999999999,,,0,Não identificado,,,0.0,0.7333333333333333,87.0,0.0,1,
null,PSEUDO-FASTBACK,App2Car,140.999,,52.0,,,1522.0,55.0,0.363918662071228,2.9233202934265137,8.257601737976074,8.767338523952892,,,,,,,,816.41,,,0,Não identificado,,,0.0,0.8,87.0,0.0,1,
null,PSEUDO-FASTBACK,App2Car,141.999,,50.0,,,1530.0,56.0,-0.06703764945268631,2.9879636764526367,9.059659004211426,9.53990787433682,,,,,,,,810.9000000000001,,,0,Não identificado,,,0.0,0.7666666666666667,87.0,0.0,1,
null,PSEUDO-FASTBACK,App2Car,142.999,,47.0,,,1521.0,56.0,0.3711012601852417,2.7246015071868896,9.619902610778809,10.005183444552383,,,,,,,,783.315,,,0,Não identificado,,,0.0,0.8,87.0,0.0,1,
null,PSEUDO-FASTBACK,App2Car,143.999,,47.0,,,1527.0,55.0,0.3926490843296051,2.82515811920166,8.765172004699707,9.217588186390593,,,,,,,,783.315,,,0,Não identificado,,,0.0,0.7666666666666667,87.0,0.0,1,
null,PSEUDO-FASTBACK,App2Car,144.998,,47.0,,,1529.0,55.0,-0.17477671802043915,3.1268274784088135,9.86650562286377,10.351595538220028,,,,,,,,783.315,,,0,Não identificado,,,0.0,0.8,87.0,0.0,1,
null,PSEUDO-FASTBACK,App2Car,145.998,,48.0,,,1525.0,54.0,0.0071826050989329815,2.889801502227783,8.978256225585938,9.431865624804384,,,,,,,,779.28,,,0,Não identificado,,,0.0,0.7666666666666667,87.0,0.0,1,
null,PSEUDO-FASTBACK,App2Car,146.999,,49.0,,,1513.0,54.0,0.23702596127986908,2.499546527862549,9.366117477416992,9.696807245276478,,,,,,,,785.375,,,0,Não identificado,,,0.0,0.7666666666666667,87.0,0.0,1,
null,PSEUDO-FASTBACK,App2Car,147.999,,50.0,,,1517.0,52.0,0.28730419278144836,2.300827741622925,9.998186111450195,10.26353143489155,,,,,,,,786.76,,,0,Não identificado,,,0.0,0.7333333333333333,87.0,0.0,1,
null,PSEUDO-FASTBACK,App2Car,148.999,,50.0,,,1529.0,51.0,0.14844051003456116,2.9903578758239746,8.777143478393555,9.273754495932502,,,,,,,,768.105,,,0,Não identificado,,,0.0,0.7666666666666667,87.0,0.0,1,
null,PSEUDO-FASTBACK,App2Car,149.998,,49.0,,,1532.0,50.0,1.577778935432434,3.861847400665283,7.237671852111816,8.353870094391652,,,,,,,,756.855,,,0,Não identificado,,,0.0,0.8,87.0,0.0,1,
null,PSEUDO-FASTBACK,App2Car,150.998,,37.0,,,1537.0,50.0,0.6703764796257019,3.404554843902588,8.101978302001953,8.813764843452903,,,,,,,,665.985,,,0,Não identificado,,,0.0,0.8333333333333334,87.0,0.0,1,
null,PSEUDO-FASTBACK,App2Car,151.998,,17.0,,,1531.0,49.0,0.20111294090747833,2.7724854946136475,7.850587368011475,8.328195738311202,,,,,,,,513.1500000000001,,,0,Não identificado,,,0.0,0.9,87.0,0.0,0,
null,PSEUDO-FASTBACK,App2Car,152.999,,17.0,,,1493.0,47.0,0.035913024097681046,1.522712230682373,6.847416877746582,7.014774421206877,,,,,,,,477.76,,,0,Não identificado,,,0.0,0.9,87.0,0.0,0,
null,PSEUDO-FASTBACK,App2Car,153.998,,19.0,,,1479.0,41.0,-0.3926490843296051,1.525106430053711,10.120290756225586,10.242090017030758,,,,,,,,443.7,,,0,Não identificado,,,0.0,0.7333333333333333,87.0,0.0,0,
null,PSEUDO-FASTBACK,App2Car,155.001,,20.0,,,1519.0,34.0,0.7110779285430908,0.586579442024231,9.533711433410645,9.578171065386723,,,,,,,,440.51,,,0,Não identificado,,,0.0,0.8,87.0,0.0,0,
null,PSEUDO-FASTBACK,App2Car,155.998,,20.0,,,1495.0,27.0,0.6847416758537292,1.0079588890075684,9.390059471130371,9.468794493278725,,,,,,,,440.51,,,0,Não identificado,,,0.0,0.8,87.0,0.0,0,
null,PSEUDO-FASTBACK,App2Car,156.999,,33.0,,,1184.0,23.0,-1.5203180313110352,3.8067808151245117,9.038111686706543,9.924233469246422,,,,,,,,313.21500000000003,,,0,Não identificado,,,0.0,0.8333333333333334,87.0,0.0,0,
null,PSEUDO-FASTBACK,App2Car,158.002,,30.0,,,1482.0,22.0,-0.07661445438861847,3.579331636428833,8.10437297821045,8.859929238324044,,,,,,,,298.39,,,0,Não identificado,,,0.0,0.9,87.0,0.0,0,
null,PSEUDO-FASTBACK,App2Car,158.999,,24.0,,,1714.0,22.0,-0.17717093229293823,3.9432501792907715,8.092401504516602,9.003753307706114,,,,,,,,400.43,,,0,Não identificado,,,0.0,0.8333333333333334,87.0,0.0,0,
null,PSEUDO-FASTBACK,App2Car,159.998,,36.0,,,1589.0,24.0,-0.9265560507774353,4.153939723968506,8.633491516113281,9.6255336010216,,,,,,,,494.4,,,0,Não identificado,,,0.0,0.9,87.0,0.0,0,
null,PSEUDO-FASTBACK,App2Car,161.000,,44.0,,,1529.0,25.0,-1.094150185585022,4.252102375030518,8.556877136230469,9.617571708123608,,,,,,,,532.6800000000001,,,0,Não identificado,,,0.0,0.8666666666666667,87.0,0.0,0,
null,PSEUDO-FASTBACK,App2Car,161.998,,39.0,,,1523.0,26.0,-0.7493851184844971,3.928884983062744,7.524975776672363,8.521911505375293,,,,,,,,494.975,,,0,Não identificado,,,0.0,0.8666666666666667,87.0,0.0,0,
null,PSEUDO-FASTBACK,App2Car,163.000,,26.0,,,1504.0,27.0,-1.2617442607879639,3.3063924312591553,8.89445972442627,9.572650796856648,,,,,,,,398.55999999999995,,,0,Não identificado,,,0.0,0.8666666666666667,87.0,0.0,0,
null,PSEUDO-FASTBACK,App2Car,164.001,,22.0,,,1517.0,28.0,-1.9512743949890137,3.24414324760437,9.96945571899414,10.664051036473042,,,,,,,,379.25,,,0,Não identificado,,,0.0,0.7666666666666667,87.0,0.0,0,
null,PSEUDO-FASTBACK,App2Car,164.999,,21.0,,,1518.0,28.0,-2.1763293743133545,2.8395233154296875,8.81784439086914,9.51596983527955,,,,,,,,365.28,,,0,Não identificado,,,0.0,0.8,87.0,0.0,0,
null,PSEUDO-FASTBACK,App2Car,165.999,,22.0,,,1328.0,27.0,-1.4987702369689941,2.609679937362671,8.655038833618164,9.163320293983825,,,,,,,,368.235,,,0,Não identificado,,,0.0,0.7,87.0,0.0,0,
null,PSEUDO-FASTBACK,App2Car,166.999,,36.0,,,1136.0,27.0,-1.3838485479354858,3.0142998695373535,8.767566680908203,9.373967463741687,,,,,,,,364.455,,,0,Não identificado,,,0.0,0.8333333333333334,87.0,0.0,0,
null,PSEUDO-FASTBACK,App2Car,167.998,,33.0,,,1115.0,26.0,-0.9552865028381348,2.9472622871398926,11.930307388305664,12.32603592689728,,,,,,,,333.645,,,0,Não identificado,,,0.0,0.8333333333333334,87.0,0.0,0,
null,PSEUDO-FASTBACK,App2Car,168.999,,33.0,,,1110.0,25.0,-1.048660397529602,2.676717519760132,9.253589630126953,9.689862039922492,,,,,,,,333.645,,,0,Não identificado,,,0.0,0.8333333333333334,87.0,0.0,0,
null,PSEUDO-FASTBACK,App2Car,169.999,,32.0,,,1098.0,24.0,-0.13168109953403473,3.021482467651367,9.643844604492188,10.10694983513286,,,,,,,,310.79999999999995,,,0,Não identificado,,,0.0,0.8333333333333334,87.0,0.0,0,
null,PSEUDO-FASTBACK,App2Car,170.999,,35.0,,,1082.0,24.0,-1.1827356815338135,3.3494882583618164,9.3828763961792,10.032761571534214,,,,,,,,319.19,,,0,Não identificado,,,0.0,0.8333333333333334,87.0,0.0,0,
null,PSEUDO-FASTBACK,App2Car,171.999,,22.0,,,1605.0,23.0,-0.7948749661445618,2.6024973392486572,8.767566680908203,9.18014401394506,,,,,,,,361.125,,,0,Não identificado,,,0.0,0.7,87.0,0.0,0,
null,PSEUDO-FASTBACK,App2Car,172.999,,25.0,,,1641.0,23.0,-1.316810965538025,3.2106244564056396,8.83939266204834,9.496155177381278,,,,,,,,393.84000000000003,,,0,Não identificado,,,0.0,0.8666666666666667,87.0,0.0,0,
null,PSEUDO-FASTBACK,App2Car,173.999,,29.0,,,1517.0,24.0,0.3423708379268646,2.9520506858825684,8.473079681396484,8.979136947946413,,,,,,,,402.005,,,0,Não identificado,,,0.0,0.8666666666666667,87.0,0.0,0,
null,PSEUDO-FASTBACK,App2Car,175.000,,33.0,,,1526.0,24.0,0.9145850539207458,3.552995204925537,9.071630477905273,9.785434087189946,,,,,,,,439.755,,,0,Não identificado,,,0.0,0.9,87.0,0.0,0,
null,PSEUDO-FASTBACK,App2Car,175.999,,34.0,,,1527.0,25.0,2.7533318996429443,2.2840683460235596,9.14345645904541,9.818380761477803,,,,,,,,450.465,,,0,Não identificado,,,0.0,0.8666666666666667,87.0,0.0,0,
null,PSEUDO-FASTBACK,App2Car,176.998,,33.0,,,1535.0,27.0,-0.07900865375995636,2.8155810832977295,7.187393665313721,7.719609245563197,,,,,,,,448.4,,,0,Não identificado,,,0.0,0.9,87.0,0.0,0,
null,PSEUDO-FASTBACK,App2Car,177.998,,34.0,,,1528.0,27.0,2.032677173614502,3.1483752727508545,9.476250648498535,10.190356701478676,,,,,,,,466.955,,,0,Não identificado,,,0.0,0.9,87.0,0.0,0,
null,PSEUDO-FASTBACK,App2Car,178.998,,35.0,,,1521.0,27.0,1.3646949529647827,3.5913026332855225,8.669404029846191,9.482532001064087,,,,,,,,473.67999999999995,,,0,Não identificado,,,0.0,0.9,87.0,0.0,0,
null,PSEUDO-FASTBACK,App2Car,179.998,,32.0,,,1519.0,28.0,-0.0454898327589035,3.6966474056243896,9.01895809173584,9.747249685264112,,,,,,,,456.3,,,0,Não identificado,,,0.0,0.9,89.0,0.0,0,
null,PSEUDO-FASTBACK,App2Car,180.998,,26.0,,,1509.0,29.0,0.7110779285430908,3.579331636428833,9.184157371520996,9.882610657557288,,,,,,,,416.9,,,0,Não identificado,,,0.0,0.8666666666666667,89.0,0.0,0,
null,PSEUDO-FASTBACK,App2Car,181.999,,26.0,,,1510.0,28.0,1.2330138683319092,1.922544002532959,9.976638793945312,10.234735964646516,,,,,,,,406.62,,,0,Não identificado,,,0.0,0.8666666666666667,89.0,0.0,0,
null,PSEUDO-FASTBACK,App2Car,182.999,,44.0,,,1224.0,26.0,1.3000515699386597,0.07422025501728058,10.177751541137695,10.26071484663157,,,,,,,,482.29999999999995,,,0,Não identificado,,,0.0,0.8,89.0,0.0,0,
null,PSEUDO-FASTBACK,App2Car,183.998,,39.0,,,1103.0,20.0,0.5434837937355042,0.6703764796257019,9.107542991638184,9.148339663732774,,,,,,,,339.84,,,0,Não identificado,,,0.0,0.8666666666666667,89.0,0.0,0,
null,PSEUDO-FASTBACK,App2Car,184.999,,37.0,,,1108.0,12.0,0.8307880163192749,2.492363929748535,8.937555313110352,9.315684712423362,,,,,,,,286.78,,,0,Não identificado,,,0.0,0.8,89.0,0.0,0,
null,PSEUDO-FASTBACK,App2Car,185.998,,33.0,,,1826.0,13.0,1.5753847360610962,2.8826189041137695,9.394847869873047,9.952612486730631,,,,,,,,419.98,,,0,Não identificado,,,0.0,0.8666666666666667,89.0,0.0,0,
null,PSEUDO-FASTBACK,App2Car,187.001,,40.0,,,1880.0,16.0,1.6543933153152466,3.2968156337738037,9.835380554199219,10.504319169311987,,,,,,,,526.4,,,0,Não identificado,,,0.0,0.8333333333333334,89.0,0.0,0,
null,PSEUDO-FASTBACK,App2Car,187.998,,40.0,,,1866.0,18.0,0.9600749015808105,3.845088005065918,8.868123054504395,9.713395497619747,,,,,,,,526.4,,,0,Não identificado,,,0.0,0.8333333333333334,89.0,0.0,0,
null,PSEUDO-FASTBACK,App2Car,188.999,,44.0,,,1848.0,22.0,0.5674257874488831,4.0294413566589355,10.467450141906738,11.230577996893961,,,,,,,,611.52,,,0,Não identificado,,,0.0,0.8666666666666667,89.0,0.0,1,
null,PSEUDO-FASTBACK,App2Car,189.998,,56.0,,,1666.0,25.0,0.5027823448181152,3.8522706031799316,9.071630477905273,9.868498285658509,,,,,,,,690.46,,,0,Não identificado,,,0.0,0.8333333333333334,89.0,0.0,1,
null,PSEUDO-FASTBACK,App2Car,190.998,,60.0,,,1646.0,26.0,1.4197616577148438,2.964021682739258,9.107542991638184,9.682380236543256,,,,,,,,704.3399999999999,,,0,Não identificado,,,0.0,0.8333333333333334,89.0,0.0,1,
null,PSEUDO-FASTBACK,App2Car,191.999,,62.0,,,1654.0,29.0,0.24660277366638184,3.9001545906066895,8.53532886505127,9.387430830274479,,,,,,,,759.8499999999999,,,0,Não identificado,,,0.0,0.8333333333333334,89.0,0.0,1,
null,PSEUDO-FASTBACK,App2Car,192.998,,63.0,,,1654.0,32.0,0.8786720037460327,3.2992098331451416,9.23682975769043,9.847632912829566,,,,,,,,785.1750000000001,,,0,Não identificado,,,0.0,0.8,89.0,0.0,1,
null,PSEUDO-FASTBACK,App2Car,193.998,,62.0,,,1663.0,34.0,1.7501614093780518,2.2433669567108154,9.107542991638184,9.541650779916225,,,,,,,,793.9200000000001,,,0,Não identificado,,,0.0,0.8333333333333334,89.0,0.0,1,
null,PSEUDO-FASTBACK,App2Car,194.998,,62.0,,,1675.0,37.0,1.0223240852355957,3.1028854846954346,9.27034854888916,9.829161056991476,,,,,,,,829.125,,,0,Não identificado,,,0.0,0.8333333333333334,89.0,0.0,1,
null,PSEUDO-FASTBACK,App2Car,195.999,,61.0,,,1684.0,38.0,-0.1412578970193863,4.027047157287598,8.360552787780762,9.280943137297907,,,,,,,,833.5799999999999,,,0,Não identificado,,,0.0,0.8333333333333334,89.0,0.0,1,
null,PSEUDO-FASTBACK,App2Car,196.999,,58.0,,,1697.0,40.0,1.161187767982483,3.203441858291626,9.346963882446289,9.948674815859771,,,,,,,,838.8800000000001,,,0,Não identificado,,,0.0,0.7666666666666667,89.0,0.0,1,
null,PSEUDO-FASTBACK,App2Car,197.999,,60.0,,,1704.0,42.0,0.8619126081466675,3.7684733867645264,10.836156845092773,11.505067587036837,,,,,,,,851.43,,,0,Não identificado,,,0.0,0.7666666666666667,89.0,0.0,1,
null,PSEUDO-FASTBACK,App2Car,198.999,,58.0,,,1655.0,43.0,0.21787235140800476,3.8163576126098633,8.35336971282959,9.186448679879076,,,,,,,,856.0,,,0,Não identificado,,,0.0,0.8,89.0,0.0,1,
null,PSEUDO-FASTBACK,App2Car,200.000,,61.0,,,1558.0,44.0,0.9385270476341248,3.9169139862060547,9.425971984863281,10.250463211675113,,,,,,,,860.6,,,0,Não identificado,,,0.0,0.7333333333333333,89.0,0.0,1,
null,PSEUDO-FASTBACK,App2Car,200.999,,50.0,,,1493.0,45.0,1.1468225717544556,3.7612907886505127,8.212111473083496,9.105014291818673,,,,,,,,724.375,,,0,Não identificado,,,0.0,0.8,89.0,0.0,1,
null,PSEUDO-FASTBACK,App2Car,201.999,,40.0,,,1521.0,45.0,-0.19632454216480255,3.7636849880218506,7.91283655166626,8.764522252142603,,,,,,,,637.075,,,0,Não identificado,,,0.0,0.8333333333333334,89.0,0.0,1,
null,PSEUDO-FASTBACK,App2Car,202.998,,25.0,,,1535.0,46.0,-0.28730419278144836,3.531447410583496,7.738059997558594,8.510654324946067,,,,,,,,544.925,,,0,Não identificado,,,0.0,0.8,89.0,0.0,0,
null,PSEUDO-FASTBACK,App2Car,203.999,,24.0,,,1533.0,46.0,-0.06703764945268631,2.9735984802246094,8.497021675109863,9.002564041167664,,,,,,,,536.55,,,0,Não identificado,,,0.0,0.7666666666666667,89.0,0.0,0,
null,PSEUDO-FASTBACK,App2Car,205.002,,24.0,,,1488.0,47.0,0.3926490843296051,2.650381326675415,9.425971984863281,9.799369486841591,,,,,,,,536.55,,,0,Não identificado,,,0.0,0.7666666666666667,89.0,0.0,0,
null,PSEUDO-FASTBACK,App2Car,206.008,,23.0,,,1542.0,47.0,-0.6943184733390808,2.7557260990142822,9.943120002746582,10.341263939394816,,,,,,,,533.75,,,0,Não identificado,,,0.0,0.7666666666666667,89.0,0.0,0,
null,PSEUDO-FASTBACK,App2Car,206.998,,24.0,,,1518.0,46.0,-0.19632454216480255,1.4508862495422363,8.094796180725098,8.22613757740828,,,,,,,,547.41,,,0,Não identificado,,,0.0,0.7666666666666667,89.0,0.0,0,
null,PSEUDO-FASTBACK,App2Car,207.998,,24.0,,,1515.0,44.0,-0.4189853072166443,1.434126853942871,8.595184326171875,8.72407371138817,,,,,,,,506.6,,,0,Não identificado,,,0.0,0.7666666666666667,89.0,0.0,0,
null,PSEUDO-FASTBACK,App2Car,208.998,,24.0,,,1523.0,40.0,-0.47405192255973816,0.9696516990661621,8.195352554321289,8.266120803158211,,,,,,,,506.6,,,0,Não identificado,,,0.0,0.8,89.0,0.0,0,
null,PSEUDO-FASTBACK,App2Car,209.998,,24.0,,,1512.0,36.0,-0.3256114423274994,0.6129156351089478,9.481039047241211,9.506407828535874,,,,,,,,506.6,,,0,Não identificado,,,0.0,0.8333333333333334,89.0,0.0,0,
null,PSEUDO-FASTBACK,App2Car,210.998,,26.0,,,1507.0,30.0,-0.6320692300796509,0.08619125932455063,10.548852920532227,10.568123692681626,,,,,,,,437.9,,,0,Não identificado,,,0.0,0.8666666666666667,89.0,0.0,0,
null,PSEUDO-FASTBACK,App2Car,211.999,,33.0,,,1270.0,22.0,-1.1013327836990356,0.7924807667732239,10.496180534362793,10.583513852973981,,,,,,,,432.47,,,0,Não identificado,,,0.0,0.8333333333333334,89.0,0.0,0,
null,PSEUDO-FASTBACK,App2Car,212.998,,38.0,,,1145.0,15.0,-0.7038952708244324,4.165910720825195,8.695740699768066,9.667791216393645,,,,,,,,332.08,,,0,Não identificado,,,0.0,0.8,89.0,0.0,0,
null,PSEUDO-FASTBACK,App2Car,213.998,,35.0,,,1646.0,16.0,-0.727837324142456,5.142745018005371,7.479485988616943,9.106057552231432,,,,,,,,272.5,,,0,Não identificado,,,0.0,0.8666666666666667,89.0,0.0,0,
null,PSEUDO-FASTBACK,App2Car,214.997,,34.0,,,1731.0,17.0,-0.14365209639072418,3.3686418533325195,9.435548782348633,10.019878476553584,,,,,,,,416.41499999999996,,,0,Não identificado,,,0.0,0.8666666666666667,89.0,0.0,0,
null,PSEUDO-FASTBACK,App2Car,215.999,,43.0,,,1588.0,20.0,-0.40940847992897034,3.8331170082092285,9.859322547912598,10.58615333375813,,,,,,,,517.86,,,0,Não identificado,,,0.0,0.8333333333333334,89.0,0.0,0,
null,PSEUDO-FASTBACK,App2Car,216.998,,50.0,,,1518.0,23.0,0.5099649429321289,4.95120906829834,8.83699893951416,10.14234123553304,,,,,,,,556.625,,,0,Não identificado,,,0.0,0.8333333333333334,89.0,0.0,0,
null,PSEUDO-FASTBACK,App2Car,217.999,,45.0,,,1526.0,25.0,0.6344634294509888,4.017470359802246,8.858546257019043,9.747638366442736,,,,,,,,534.1,,,0,Não identificado,,,0.0,0.8666666666666667,89.0,0.0,0,
null,PSEUDO-FASTBACK,App2Car,218.999,,37.0,,,1519.0,27.0,1.2210428714752197,3.045424461364746,9.557653427124023,10.105161793701019,,,,,,,,486.08,,,0,Não identificado,,,0.0,0.9,89.0,0.0,0,
null,PSEUDO-FASTBACK,App2Car,219.998,,29.0,,,1500.0,28.0,0.009576806798577309,3.3470940589904785,8.101978302001953,8.766138417859272,,,,,,,,427.5,,,0,Não identificado,,,0.0,0.8666666666666667,89.0,0.0,0,
null,PSEUDO-FASTBACK,App2Car,220.998,,26.0,,,1505.0,29.0,0.8475474119186401,2.8179752826690674,9.35893440246582,9.810656168617982,,,,,,,,408.51,,,0,Não identificado,,,0.0,0.8666666666666667,89.0,0.0,0,
null,PSEUDO-FASTBACK,App2Car,221.998,,27.0,,,1492.0,27.0,-0.33997663855552673,2.1284453868865967,8.923190116882324,9.17982492979843,,,,,,,,419.1,,,0,Não identificado,,,0.0,0.8666666666666667,89.0,0.0,0,
null,PSEUDO-FASTBACK,App2Car,222.999,,40.0,,,1204.0,22.0,-0.6320692300796509,2.006340980529785,9.442731857299805,9.67419767064077,,,,,,,,442.975,,,0,Não identificado,,,0.0,0.8333333333333334,89.0,0.0,0,
null,PSEUDO-FASTBACK,App2Car,223.998,,36.0,,,1138.0,16.0,-0.20111294090747833,2.2361843585968018,7.182605266571045,7.525342870328737,,,,,,,,320.1,,,0,Não identificado,,,0.0,0.8,89.0,0.0,0,
null,PSEUDO-FASTBACK,App2Car,224.998,,33.0,,,1847.0,14.0,-0.3064578175544739,4.371812343597412,9.718064308166504,10.660555025852577,,,,,,,,311.375,,,0,Não identificado,,,0.0,0.8666666666666667,89.0,0.0,0,
null,PSEUDO-FASTBACK,App2Car,225.998,,43.0,,,1833.0,14.0,-0.608127236366272,3.8163576126098633,8.652645111083984,9.476427152745982,,,,,,,,522.405,,,0,Não identificado,,,0.0,0.8333333333333334,89.0,0.0,0,
null,PSEUDO-FASTBACK,App2Car,227.001,,42.0,,,1921.0,16.0,0.10295066982507706,3.7158010005950928,9.44991397857666,10.154735354451118,,,,,,,,557.09,,,0,Não identificado,,,0.0,0.8333333333333334,89.0,0.0,0,
null,PSEUDO-FASTBACK,App2Car,227.998,,44.0,,,1965.0,17.0,0.363918662071228,3.471592426300049,9.378087997436523,10.006644055556816,,,,,,,,599.3249999999999,,,0,Não identificado,,,0.0,0.8666666666666667,89.0,0.0,1,
null,PSEUDO-FASTBACK,App2Car,228.998,,45.0,,,2038.0,18.0,-0.12928688526153564,5.262455463409424,8.147468566894531,9.7000719920835,,,,,,,,626.5350000000001,,,0,Não identificado,,,0.0,0.8333333333333334,89.0,0.0,1,
null,PSEUDO-FASTBACK,App2Car,229.998,,42.0,,,2268.0,20.0,0.5051765441894531,6.086060523986816,7.33583402633667,9.545145200801754,,,,,,,,626.51,,,0,Não identificado,,,0.0,0.8333333333333334,89.0,0.0,1,
null,PSEUDO-FASTBACK,App2Car,230.998,,44.0,,,2104.0,23.0,0.24181437492370605,6.279991149902344,8.382100105285645,10.476467210362523,,,,,,,,720.0600000000001,,,0,Não identificado,,,0.0,0.8666666666666667,89.0,0.0,1,
null,PSEUDO-FASTBACK,App2Car,231.999,,46.0,,,2104.0,25.0,0.1867477297782898,3.998316764831543,9.26795482635498,10.095365190515244,,,,,,,,747.63,,,0,Não identificado,,,0.0,0.8666666666666667,89.0,0.0,1,
null,PSEUDO-FASTBACK,App2Car,232.998,,41.0,,,2123.0,28.0,0.3734954595565796,3.2537200450897217,9.378087997436523,9.933515363545325,,,,,,,,718.08,,,0,Não identificado,,,0.0,0.8666666666666667,89.0,0.0,1,
null,PSEUDO-FASTBACK,App2Car,233.999,,42.0,,,2093.0,29.0,0.569819986820221,3.404554843902588,8.904036521911621,9.54974109000115,,,,,,,,743.05,,,0,Não identificado,,,0.0,0.8666666666666667,89.0,0.0,1,
null,PSEUDO-FASTBACK,App2Car,234.998,,38.0,,,2093.0,30.0,-0.3495534360408783,2.8993782997131348,8.671798706054688,9.150337421528628,,,,,,,,711.62,,,0,Não identificado,,,0.0,0.9,89.0,0.0,1,
null,PSEUDO-FASTBACK,App2Car,235.998,,36.0,,,1999.0,31.0,0.45250412821769714,2.3702597618103027,10.292673110961914,10.57175534590304,,,,,,,,697.8049999999998,,,0,Não identificado,,,0.0,0.9,89.0,0.0,1,
null,PSEUDO-FASTBACK,App2Car,236.998,,35.0,,,1847.0,31.0,-0.7015010714530945,2.7222073078155518,9.797073364257812,10.19240711925422,,,,,,,,659.67,,,0,Não identificado,,,0.0,0.9,89.0,0.0,1,
null,PSEUDO-FASTBACK,App2Car,237.998,,28.0,,,1606.0,31.0,-1.0845733880996704,2.7772738933563232,9.684545516967773,10.133112630535258,,,,,,,,473.77,,,0,Não identificado,,,0.0,0.8666666666666667,89.0,0.0,0,
null,PSEUDO-FASTBACK,App2Car,238.998,,26.0,,,1650.0,30.0,-0.2082955539226532,2.918531894683838,9.552865028381348,9.990918161437524,,,,,,,,462.0,,,0,Não identificado,,,0.0,0.8666666666666667,89.0,0.0,0,
null,PSEUDO-FASTBACK,App2Car,239.998,,34.0,,,1639.0,31.0,0.31603461503982544,2.477998733520508,9.981427192687988,10.289278128428826,,,,,,,,532.675,,,0,Não identificado,,,0.0,0.9,90.0,0.0,0,
null,PSEUDO-FASTBACK,App2Car,240.998,,32.0,,,1525.0,30.0,0.4381389021873474,2.477998733520508,10.393229484558105,10.693533678799872,,,,,,,,469.34000000000003,,,0,Não identificado,,,0.0,0.8666666666666667,90.0,0.0,0,
null,PSEUDO-FASTBACK,App2Car,241.998,,33.0,,,1529.0,30.0,0.40701428055763245,2.978386878967285,9.035717010498047,9.522637813084465,,,,,,,,480.69,,,0,Não identificado,,,0.0,0.9,90.0,0.0,0,
null,PSEUDO-FASTBACK,App2Car,242.997,,35.0,,,1528.0,30.0,0.5003881454467773,2.7078421115875244,10.14902114868164,10.515960606324924,,,,,,,,500.5,,,0,Não identificado,,,0.0,0.8666666666666667,90.0,0.0,0,
null,PSEUDO-FASTBACK,App2Car,243.998,,37.0,,,1526.0,31.0,0.2513911724090576,2.892195701599121,9.272743225097656,9.716571433201533,,,,,,,,517.14,,,0,Não identificado,,,0.0,0.9,90.0,0.0,0,
null,PSEUDO-FASTBACK,App2Car,244.997,,37.0,,,1537.0,33.0,0.5410895943641663,2.6192567348480225,8.710105895996094,9.11148881970679,,,,,,,,517.14,,,0,Não identificado,,,0.0,0.9,90.0,0.0,0,
null,PSEUDO-FASTBACK,App2Car,245.999,,43.0,,,1532.0,34.0,-1.534683346748352,3.2632968425750732,9.404424667358398,10.072118078218022,,,,,,,,589.05,,,0,Não identificado,,,0.0,0.8333333333333334,90.0,0.0,0,
null,PSEUDO-FASTBACK,App2Car,246.999,,46.0,,,1521.0,36.0,-0.2968810200691223,4.062960147857666,9.672574996948242,10.495450946707585,,,,,,,,624.8399999999999,,,0,Não identificado,,,0.0,0.8666666666666667,90.0,0.0,1,
null,PSEUDO-FASTBACK,App2Car,247.998,,47.0,,,1532.0,38.0,0.40940847992897034,3.8115692138671875,8.47786808013916,9.304295908868136,,,,,,,,638.8199999999999,,,0,Não identificado,,,0.0,0.8666666666666667,90.0,0.0,1,
null,PSEUDO-FASTBACK,App2Car,248.998,,45.0,,,1526.0,40.0,-0.5147533416748047,3.56017804145813,7.479485988616943,8.299551153138536,,,,,,,,648.125,,,0,Não identificado,,,0.0,0.8666666666666667,90.0,0.0,1,
null,PSEUDO-FASTBACK,App2Car,249.998,,35.0,,,1536.0,43.0,-0.3016694188117981,2.6862943172454834,6.89530086517334,7.40623761557593,,,,,,,,599.04,,,0,Não identificado,,,0.0,0.8,90.0,0.0,1,
null,PSEUDO-FASTBACK,App2Car,250.998,,28.0,,,1519.0,45.0,-0.6440402865409851,3.026270866394043,8.38688850402832,8.939407252523823,,,,,,,,554.435,,,0,Não identificado,,,0.0,0.8,90.0,0.0,0,
null,PSEUDO-FASTBACK,App2Car,251.999,,27.0,,,1523.0,48.0,-0.20111294090747833,1.0630255937576294,12.902353286743164,12.947632608470027,,,,,,,,554.435,,,0,Não identificado,,,0.0,0.8,90.0,0.0,0,
null,PSEUDO-FASTBACK,App2Car,252.999,,27.0,,,1507.0,48.0,0.019153613597154617,2.3942017555236816,10.96304988861084,11.221454084352734,,,,,,,,554.435,,,0,Não identificado,,,0.0,0.8,90.0,0.0,0,
null,PSEUDO-FASTBACK,App2Car,253.999,,26.0,,,1521.0,50.0,0.20350714027881622,2.4612393379211426,11.329362869262695,11.595411905495347,,,,,,,,557.59,,,0,Não identificado,,,0.0,0.8,90.0,0.0,0,
null,PSEUDO-FASTBACK,App2Car,254.998,,25.0,,,1515.0,50.0,-0.7158663272857666,2.8107926845550537,8.300697326660156,8.792871898470539,,,,,,,,570.375,,,0,Não identificado,,,0.0,0.7666666666666667,90.0,0.0,0,
null,PSEUDO-FASTBACK,App2Car,255.999,,24.0,,,1524.0,51.0,-0.4429273009300232,2.5019407272338867,10.295066833496094,10.603975344306118,,,,,,,,567.75,,,0,Não identificado,,,0.0,0.7333333333333333,90.0,0.0,0,
null,PSEUDO-FASTBACK,App2Car,256.999,,21.0,,,1516.0,51.0,-0.6967126727104187,2.6791117191314697,8.633491516113281,9.066433913656619,,,,,,,,547.1999999999999,,,0,Não identificado,,,0.0,0.6666666666666666,90.0,0.0,0,
null,PSEUDO-FASTBACK,App2Car,257.999,,20.0,,,1519.0,51.0,-0.8475474119186401,2.5258827209472656,10.113107681274414,10.458172264238216,,,,,,,,538.18,,,0,Não identificado,,,0.0,0.7,90.0,0.0,0,
null,PSEUDO-FASTBACK,App2Car,258.998,,18.0,,,1529.0,51.0,-0.4644751250743866,2.030282974243164,11.32457447052002,11.514502726373742,,,,,,,,530.265,,,0,Não identificado,,,0.0,0.8333333333333334,90.0,0.0,0,
null,PSEUDO-FASTBACK,App2Car,260.000,,19.0,,,1477.0,51.0,-0.40222588181495667,2.6216509342193604,7.326257228851318,7.791590611947682,,,,,,,,516.95,,,0,Não identificado,,,0.0,0.6333333333333333,90.0,0.0,0,
null,PSEUDO-FASTBACK,App2Car,260.998,,19.0,,,1549.0,49.0,-1.194706678390503,1.9847931861877441,9.064447402954102,9.355796853301674,,,,,,,,526.66,,,0,Não identificado,,,0.0,0.6666666666666666,90.0,0.0,0,
null,PSEUDO-FASTBACK,App2Car,261.999,,19.0,,,1526.0,48.0,-1.6280571222305298,1.4413094520568848,8.978256225585938,9.23780427277536,,,,,,,,511.21000000000004,,,0,Não identificado,,,0.0,0.6666666666666666,90.0,0.0,0,
null,PSEUDO-FASTBACK,App2Car,262.998,,20.0,,,1500.0,45.0,-1.3479355573654175,1.6328455209732056,9.437943458557129,9.672532837323097,,,,,,,,495.99,,,0,Não identificado,,,0.0,0.7333333333333333,90.0,0.0,0,
null,PSEUDO-FASTBACK,App2Car,263.998,,20.0,,,1542.0,43.0,-2.0590133666992188,2.056619167327881,10.27591323852539,10.680056710025834,,,,,,,,495.99,,,0,Não identificado,,,0.0,0.7,90.0,0.0,0,
null,PSEUDO-FASTBACK,App2Car,264.998,,21.0,,,1517.0,42.0,-3.0837318897247314,1.3862427473068237,9.59835433959961,10.176417707163788,,,,,,,,483.84000000000003,,,0,Não identificado,,,0.0,0.7,90.0,0.0,0,
null,PSEUDO-FASTBACK,App2Car,265.998,,21.0,,,1497.0,39.0,-1.05105459690094,0.7924807667732239,10.38844108581543,10.471506564235641,,,,,,,,483.84000000000003,,,0,Não identificado,,,0.0,0.8,90.0,0.0,0,
null,PSEUDO-FASTBACK,App2Car,266.999,,22.0,,,1486.0,36.0,-0.3064578175544739,0.26575639843940735,11.18092155456543,11.188277332395616,,,,,,,,437.32,,,0,Não identificado,,,0.0,0.7666666666666667,90.0,0.0,0,
null,PSEUDO-FASTBACK,App2Car,267.998,,21.0,,,1502.0,32.0,0.3471592366695404,0.7422025203704834,9.744400978088379,9.77879003448888,,,,,,,,408.65,,,0,Não identificado,,,0.0,0.8,90.0,0.0,0,
null,PSEUDO-FASTBACK,App2Car,268.998,,33.0,,,1206.0,26.0,1.1683704853057861,1.7812861204147339,10.967838287353516,11.17280387956638,,,,,,,,405.035,,,0,Não identificado,,,0.0,0.8333333333333334,90.0,0.0,0,
null,PSEUDO-FASTBACK,App2Car,270.000,,34.0,,,1169.0,24.0,1.2090718746185303,3.3901896476745605,9.734824180603027,10.378922991931615,,,,,,,,339.01,,,0,Não identificado,,,0.0,0.8333333333333334,90.0,0.0,0,
null,PSEUDO-FASTBACK,App2Car,270.999,,24.0,,,1683.0,24.0,0.9600749015808105,4.331110954284668,8.628703117370605,9.702308148203254,,,,,,,,403.91999999999996,,,0,Não identificado,,,0.0,0.8333333333333334,90.0,0.0,0,
null,PSEUDO-FASTBACK,App2Car,271.998,,29.0,,,1715.0,25.0,0.27054479718208313,3.6607344150543213,9.315838813781738,10.012942811641727,,,,,,,,463.04999999999995,,,0,Não identificado,,,0.0,0.8666666666666667,90.0,0.0,0,
null,PSEUDO-FASTBACK,App2Car,272.998,,43.0,,,1594.0,27.0,-0.31842881441116333,4.1180267333984375,13.529633522033691,14.146042709088974,,,,,,,,557.9,,,0,Não identificado,,,0.0,0.8,90.0,0.0,0,
null,PSEUDO-FASTBACK,App2Car,273.998,,49.0,,,1519.0,28.0,3.1076738834381104,1.2018892765045166,7.572859764099121,8.27347446998486,,,,,,,,584.8149999999999,,,0,Não identificado,,,0.0,0.9,90.0,0.0,0,
null,PSEUDO-FASTBACK,App2Car,274.998,,51.0,,,1606.0,30.0,-0.05027823522686958,2.9305028915405273,9.042900085449219,9.50602004277723,,,,,,,,612.0,,,0,Não identificado,,,0.0,0.9,90.0,0.0,1,
null,PSEUDO-FASTBACK,App2Car,275.999,,55.0,,,1548.0,32.0,0.2992752194404602,3.2848446369171143,9.121908187866211,9.69994736756416,,,,,,,,678.11,,,0,Não identificado,,,0.0,0.8666666666666667,90.0,0.0,1,
null,PSEUDO-FASTBACK,App2Car,276.999,,55.0,,,1540.0,33.0,0.31124621629714966,3.1723172664642334,9.337387084960938,9.866471943945399,,,,,,,,678.11,,,0,Não identificado,,,0.0,0.8333333333333334,90.0,0.0,1,
null,PSEUDO-FASTBACK,App2Car,277.998,,51.0,,,1541.0,34.0,-0.1173158809542656,2.808398485183716,9.0859956741333,9.510845517506596,,,,,,,,653.6500000000001,,,0,Não identificado,,,0.0,0.8333333333333334,90.0,0.0,1,
null,PSEUDO-FASTBACK,App2Car,278.998,,49.0,,,1511.0,36.0,1.9129672050476074,0.1388636976480484,9.495404243469238,9.687178557299632,,,,,,,,646.0,,,0,Não identificado,,,0.0,0.6666666666666666,90.0,0.0,1,
null,PSEUDO-FASTBACK,App2Car,279.998,,49.0,,,1524.0,37.0,-1.800439715385437,3.421314239501953,9.342175483703613,10.110549790316492,,,,,,,,660.48,,,0,Não identificado,,,0.0,0.8333333333333334,90.0,0.0,1,
null,PSEUDO-FASTBACK,App2Car,280.999,,49.0,,,1527.0,38.0,-0.727837324142456,1.6065093278884888,8.975862503051758,9.147498404738759,,,,,,,,660.48,,,0,Não identificado,,,0.0,0.8666666666666667,90.0,0.0,1,
null,PSEUDO-FASTBACK,App2Car,281.998,,40.0,,,1529.0,39.0,-0.05027823522686958,2.8155810832977295,9.674968719482422,10.076459917080248,,,,,,,,602.77,,,0,Não identificado,,,0.0,0.8666666666666667,90.0,0.0,1,
null,PSEUDO-FASTBACK,App2Car,282.998,,35.0,,,1536.0,40.0,-0.7541735172271729,2.456450939178467,10.469843864440918,10.780563967457764,,,,,,,,575.625,,,0,Não identificado,,,0.0,0.8666666666666667,90.0,0.0,0,
null,PSEUDO-FASTBACK,App2Car,283.999,,35.0,,,1522.0,41.0,-1.9728221893310547,1.9273324012756348,6.536170482635498,7.094234430423021,,,,,,,,580.26,,,0,Não identificado,,,0.0,0.8333333333333334,90.0,0.0,0,
null,PSEUDO-FASTBACK,App2Car,284.998,,28.0,,,1531.0,41.0,-0.6991068720817566,4.271255970001221,8.925583839416504,9.919598018786651,,,,,,,,525.4350000000001,,,0,Não identificado,,,0.0,0.8,90.0,0.0,0,
null,PSEUDO-FASTBACK,App2Car,285.998,,28.0,,,1520.0,41.0,1.745373010635376,0.6177040338516235,11.743558883666992,11.888610535880334,,,,,,,,523.71,,,0,Não identificado,,,0.0,0.8,90.0,0.0,0,
null,PSEUDO-FASTBACK,App2Car,286.999,,28.0,,,1527.0,41.0,-3.471592426300049,4.022258758544922,8.722076416015625,10.212988617532636,,,,,,,,523.71,,,0,Não identificado,,,0.0,0.8,90.0,0.0,0,
null,PSEUDO-FASTBACK,App2Car,287.998,,29.0,,,1530.0,41.0,-0.038307227194309235,2.4013843536376953,11.085153579711914,11.342342974154462,,,,,,,,534.4499999999999,,,0,Não identificado,,,0.0,0.8,90.0,0.0,0,
null,PSEUDO-FASTBACK,App2Car,288.999,,28.0,,,1535.0,42.0,-1.1348515748977661,2.4468741416931152,10.649409294128418,10.985672463541004,,,,,,,,537.25,,,0,Não identificado,,,0.0,0.7666666666666667,90.0,0.0,0,
null,PSEUDO-FASTBACK,App2Car,289.998,,28.0,,,1532.0,42.0,0.4189853072166443,4.050989151000977,8.367734909057617,9.306183390491105,,,,,,,,536.2,,,0,Não identificado,,,0.0,0.7666666666666667,90.0,0.0,0,
null,PSEUDO-FASTBACK,App2Car,290.998,,25.0,,,1520.0,42.0,-1.6496049165725708,2.4851813316345215,9.244012832641602,9.713346276228792,,,,,,,,509.2,,,0,Não identificado,,,0.0,0.7666666666666667,90.0,0.0,0,
null,PSEUDO-FASTBACK,App2Car,291.998,,21.0,,,1520.0,43.0,-1.8100165128707886,2.1978771686553955,10.304644584655762,10.69076815955883,,,,,,,,486.4,,,0,Não identificado,,,0.0,0.7,90.0,0.0,0,
null,PSEUDO-FASTBACK,App2Car,292.998,,21.0,,,1523.0,43.0,-1.0223240852355957,2.2242133617401123,10.153809547424316,10.444717322128026,,,,,,,,487.36,,,0,Não identificado,,,0.0,0.7,90.0,0.0,0,
null,PSEUDO-FASTBACK,App2Car,293.998,,20.0,,,1500.0,42.0,-1.4317326545715332,1.9488801956176758,9.919178009033203,10.209705421114027,,,,,,,,465.0,,,0,Não identificado,,,0.0,0.7,90.0,0.0,0,
null,PSEUDO-FASTBACK,App2Car,294.998,,22.0,,,1544.0,41.0,0.15322890877723694,1.5634137392044067,8.980650901794434,9.117007855558716,,,,,,,,486.36,,,0,Não identificado,,,0.0,0.7,90.0,0.0,0,
null,PSEUDO-FASTBACK,App2Car,295.998,,22.0,,,1517.0,41.0,-0.17717093229293823,1.6950948238372803,12.255918502807617,12.373854466111665,,,,,,,,486.36,,,0,Não identificado,,,0.0,0.7,90.0,0.0,0,
null,PSEUDO-FASTBACK,App2Car,296.999,,22.0,,,1521.0,40.0,-0.49320554733276367,1.8267759084701538,9.275136947631836,9.466178074017622,,,,,,,,486.36,,,0,Não identificado,,,0.0,0.7333333333333333,90.0,0.0,0,
null,PSEUDO-FASTBACK,App2Car,297.999,,23.0,,,1526.0,39.0,-0.2513911724090576,2.2840683460235596,10.299856185913086,10.553066055955684,,,,,,,,479.11500000000007,,,0,Não identificado,,,0.0,0.8333333333333334,90.0,0.0,0,
null,PSEUDO-FASTBACK,App2Car,298.999,,23.0,,,1522.0,39.0,1.6065093278884888,3.9408559799194336,6.689399719238281,7.928384872015528,,,,,,,,479.11500000000007,,,0,Não identificado,,,0.0,0.8333333333333334,90.0,0.0,0,
null,PSEUDO-FASTBACK,App2Car,299.998,,24.0,,,1525.0,37.0,0.545877993106842,3.579331636428833,8.724471092224121,9.44595117423084,,,,,,,,471.82000000000005,,,0,Não identificado,,,0.0,0.8333333333333334,90.0,0.0,0,
null,PSEUDO-FASTBACK,App2Car,300.999,,24.0,,,1525.0,36.0,0.48602294921875,4.618414878845215,8.360552787780762,9.563724024540587,,,,,,,,471.82000000000005,,,0,Não identificado,,,0.0,0.8333333333333334,90.0,0.0,0,
null,PSEUDO-FASTBACK,App2Car,301.997,,24.0,,,1513.0,35.0,-0.2944868206977844,4.704606533050537,7.436390399932861,8.804541288369322,,,,,,,,471.82000000000005,,,0,Não identificado,,,0.0,0.8333333333333334,90.0,0.0,0,
null,PSEUDO-FASTBACK,App2Car,302.998,,24.0,,,1523.0,34.0,1.091755986213684,4.836287498474121,7.527369976043701,9.013484712228376,,,,,,,,471.82000000000005,,,0,Não identificado,,,0.0,0.8333333333333334,90.0,0.0,0,
null,PSEUDO-FASTBACK,App2Car,304.000,,24.0,,,1509.0,31.0,-0.9026140570640564,4.944026470184326,7.994239330291748,9.442773551445379,,,,,,,,471.82000000000005,,,0,Não identificado,,,0.0,0.8333333333333334,90.0,0.0,0,
null,PSEUDO-FASTBACK,App2Car,304.998,,24.0,,,1500.0,29.0,0.5650315880775452,3.531447410583496,8.250418663024902,8.992207160893923,,,,,,,,471.82000000000005,,,0,Não identificado,,,0.0,0.8333333333333334,90.0,0.0,0,
null,PSEUDO-FASTBACK,App2Car,305.998,,25.0,,,1504.0,27.0,-0.6560112833976746,4.76924991607666,8.4108304977417,9.691138489758785,,,,,,,,405.0,,,0,Não identificado,,,0.0,0.8666666666666667,90.0,0.0,0,
null,PSEUDO-FASTBACK,App2Car,306.998,,38.0,,,1159.0,25.0,-0.6129156351089478,3.5913026332855225,8.939949035644531,9.653797643390197,,,,,,,,399.105,,,0,Não identificado,,,0.0,0.8333333333333334,90.0,0.0,0,
null,PSEUDO-FASTBACK,App2Car,307.999,,35.0,,,1139.0,20.0,-1.4532804489135742,3.9217023849487305,9.14345645904541,10.054579537592122,,,,,,,,312.125,,,0,Não identificado,,,0.0,0.8333333333333334,90.0,0.0,0,
null,PSEUDO-FASTBACK,App2Car,308.998,,31.0,,,1104.0,18.0,-1.6543933153152466,3.9384617805480957,8.520963668823242,9.531805720009379,,,,,,,,276.60499999999996,,,0,Não identificado,,,0.0,0.8,90.0,0.0,0,
null,PSEUDO-FASTBACK,App2Car,309.998,,31.0,,,1089.0,17.0,-1.403002142906189,3.423708438873291,9.93354320526123,10.600258256203153,,,,,,,,276.60499999999996,,,0,Não identificado,,,0.0,0.8,90.0,0.0,0,
null,PSEUDO-FASTBACK,App2Car,310.999,,33.0,,,1044.0,14.0,-2.5474305152893066,3.93367338180542,8.365341186523438,9.58864545553213,,,,,,,,250.745,,,0,Não identificado,,,0.0,0.8,90.0,0.0,0,
null,PSEUDO-FASTBACK,App2Car,311.999,,33.0,,,1030.0,12.0,-1.886630892753601,3.4739866256713867,8.772355079650879,9.621963045258099,,,,,,,,250.745,,,0,Não identificado,,,0.0,0.8,90.0,0.0,0,
null,PSEUDO-FASTBACK,App2Car,312.998,,34.0,,,1013.0,10.0,-1.2832920551300049,3.557783842086792,8.81784439086914,9.59474043772712,,,,,,,,231.75000000000003,,,0,Não identificado,,,0.0,0.8,90.0,0.0,0,
null,PSEUDO-FASTBACK,App2Car,313.999,,35.0,,,974.0,9.0,-1.4077905416488647,3.823540210723877,8.927978515625,9.813772685753424,,,,,,,,227.925,,,0,Não identificado,,,0.0,0.7333333333333333,90.0,0.0,0,
null,PSEUDO-FASTBACK,App2Car,314.999,,35.0,,,1319.0,8.0,-1.316810965538025,4.23773717880249,9.10993766784668,10.133280408022758,,,,,,,,227.925,,,0,Não identificado,,,0.0,0.8,90.0,0.0,0,
null,PSEUDO-FASTBACK,App2Car,315.998,,34.0,,,1411.0,9.0,-1.1659762859344482,4.1395745277404785,8.434772491455078,9.467891262191735,,,,,,,,291.10999999999996,,,0,Não identificado,,,0.0,0.8666666666666667,90.0,0.0,0,
null,PSEUDO-FASTBACK,App2Car,316.998,,31.0,,,1538.0,11.0,-1.1827356815338135,4.201824188232422,9.521739959716797,10.47462276464675,,,,,,,,304.29,,,0,Não identificado,,,0.0,0.8666666666666667,90.0,0.0,0,
null,PSEUDO-FASTBACK,App2Car,317.999,,29.0,,,1658.0,12.0,-1.414973258972168,4.477157115936279,7.970297336578369,9.250552675265054,,,,,,,,326.77,,,0,Não identificado,,,0.0,0.8333333333333334,90.0,0.0,0,
null,PSEUDO-FASTBACK,App2Car,318.999,,28.0,,,1673.0,13.0,-0.7110779285430908,4.017470359802246,9.294290542602539,10.150346624754334,,,,,,,,331.59999999999997,,,0,Não identificado,,,0.0,0.8333333333333334,90.0,0.0,0,
null,PSEUDO-FASTBACK,App2Car,320.000,,29.0,,,1605.0,15.0,-0.9217676520347595,4.307168960571289,7.7643961906433105,8.926769195208465,,,,,,,,359.695,,,0,Não identificado,,,0.0,0.8,90.0,0.0,0,
null,PSEUDO-FASTBACK,App2Car,320.998,,36.0,,,1487.0,16.0,0.07661445438861847,3.337517261505127,7.778761386871338,8.464869754423068,,,,,,,,406.38000000000005,,,0,Não identificado,,,0.0,0.8666666666666667,90.0,0.0,0,
null,PSEUDO-FASTBACK,App2Car,321.998,,36.0,,,1499.0,17.0,-0.5961562395095825,3.869029998779297,10.266336441040039,10.987377271850958,,,,,,,,406.38000000000005,,,0,Não identificado,,,0.0,0.8666666666666667,90.0,0.0,0,
null,PSEUDO-FASTBACK,App2Car,322.998,,39.0,,,1490.0,18.0,-0.272938996553421,3.3877954483032227,8.47786808013916,9.133778017864572,,,,,,,,425.78999999999996,,,0,Não identificado,,,0.0,0.8333333333333334,90.0,0.0,0,
null,PSEUDO-FASTBACK,App2Car,323.999,,29.0,,,1487.0,19.0,0.7422025203704834,2.650381326675415,10.706870079040527,11.054974113379341,,,,,,,,363.12,,,0,Não identificado,,,0.0,0.8333333333333334,90.0,0.0,0,
null,PSEUDO-FASTBACK,App2Car,324.998,,26.0,,,1504.0,18.0,-0.05267243832349777,2.5929205417633057,10.089165687561035,10.417162549980489,,,,,,,,340.56,,,0,Não identificado,,,0.0,0.8666666666666667,90.0,0.0,0,
null,PSEUDO-FASTBACK,App2Car,325.998,,29.0,,,1308.0,16.0,-0.7805097699165344,2.1715409755706787,9.677363395690918,9.948675690853333,,,,,,,,325.575,,,0,Não identificado,,,0.0,0.7666666666666667,90.0,0.0,0,
null,PSEUDO-FASTBACK,App2Car,326.999,,38.0,,,1133.0,13.0,-0.12928688526153564,2.3247697353363037,8.552088737487793,8.863379219851863,,,,,,,,304.215,,,0,Não identificado,,,0.0,0.8,90.0,0.0,0,
null,PSEUDO-FASTBACK,App2Car,327.998,,35.0,,,1006.0,11.0,-0.21547815203666687,2.674323320388794,9.32302188873291,9.701400578976905,,,,,,,,249.09,,,0,Não identificado,,,0.0,0.8,90.0,0.0,0,
null,PSEUDO-FASTBACK,App2Car,328.999,,37.0,,,993.0,10.0,-0.011971008032560349,2.7054479122161865,8.461109161376953,8.883127824785888,,,,,,,,233.58999999999997,,,0,Não identificado,,,0.0,0.8,90.0,0.0,0,
null,PSEUDO-FASTBACK,App2Car,329.998,,38.0,,,978.0,9.0,-0.6727706789970398,3.026270866394043,9.586383819580078,10.075201758754522,,,,,,,,233.355,,,0,Não identificado,,,0.0,0.8,90.0,0.0,0,
null,PSEUDO-FASTBACK,App2Car,330.997,,40.0,,,1390.0,9.0,0.028730420395731926,3.287238836288452,9.734824180603027,10.274899825843198,,,,,,,,306.985,,,0,Não identificado,,,0.0,0.8,90.0,0.0,0,
null,PSEUDO-FASTBACK,App2Car,331.998,,36.0,,,1565.0,10.0,0.3208230137825012,3.1004912853240967,8.937555313110352,9.465509420599096,,,,,,,,338.56000000000006,,,0,Não identificado,,,0.0,0.8666666666666667,90.0,0.0,0,
null,PSEUDO-FASTBACK,App2Car,332.998,,32.0,,,1755.0,12.0,-1.2665326595306396,3.7612907886505127,10.170568466186523,10.917503208143913,,,,,,,,366.96,,,0,Não identificado,,,0.0,0.8666666666666667,90.0,0.0,0,
null,PSEUDO-FASTBACK,App2Car,333.998,,31.0,,,1717.0,14.0,0.26336219906806946,3.337517261505127,8.075642585754395,8.742104111230464,,,,,,,,389.25000000000006,,,0,Não identificado,,,0.0,0.8666666666666667,90.0,0.0,0,
null,PSEUDO-FASTBACK,App2Car,334.999,,32.0,,,1728.0,16.0,-0.08858546614646912,2.52109432220459,10.445901870727539,10.74619141180417,,,,,,,,414.72,,,0,Não identificado,,,0.0,0.8666666666666667,90.0,0.0,0,
null,PSEUDO-FASTBACK,App2Car,335.998,,34.0,,,1652.0,18.0,0.28730419278144836,2.7988216876983643,8.700529098510742,9.144132169470904,,,,,,,,441.405,,,0,Não identificado,,,0.0,0.8666666666666667,90.0,0.0,0,
null,PSEUDO-FASTBACK,App2Car,336.999,,42.0,,,1587.0,20.0,1.4197616577148438,2.1068975925445557,9.550470352172852,9.882622353298737,,,,,,,,491.96999999999997,,,0,Não identificado,,,0.0,0.8333333333333334,90.0,0.0,0,
null,PSEUDO-FASTBACK,App2Car,337.999,,44.0,,,1508.0,21.0,0.3471592366695404,2.410961151123047,9.306262016296387,9.619759140632912,,,,,,,,488.47499999999997,,,0,Não identificado,,,0.0,0.8666666666666667,90.0,0.0,0,
null,PSEUDO-FASTBACK,App2Car,339.000,,43.0,,,1519.0,23.0,1.072602391242981,2.1140801906585693,9.306262016296387,9.603453735932506,,,,,,,,500.28,,,0,Não identificado,,,0.0,0.8666666666666667,90.0,0.0,0,
null,PSEUDO-FASTBACK,App2Car,339.998,,42.0,,,1510.0,24.0,0.7757213711738586,2.1356279850006104,10.860098838806152,11.095242103021112,,,,,,,,501.27,,,0,Não identificado,,,0.0,0.9,90.0,0.0,0,
null,PSEUDO-FASTBACK,App2Car,341.004,,40.0,,,1513.0,26.0,0.3926490843296051,2.4229321479797363,9.339780807495117,9.656929068249012,,,,,,,,497.9,,,0,Não identificado,,,0.0,0.8666666666666667,90.0,0.0,0,
null,PSEUDO-FASTBACK,App2Car,341.999,,41.0,,,1529.0,27.0,-0.20111294090747833,2.5929205417633057,9.066842079162598,9.4324603704109,,,,,,,,506.855,,,0,Não identificado,,,0.0,0.8666666666666667,90.0,0.0,0,
null,PSEUDO-FASTBACK,App2Car,342.999,,41.0,,,1527.0,27.0,1.0582371950149536,2.2840683460235596,8.147468566894531,8.527489561339513,,,,,,,,506.855,,,0,Não identificado,,,0.0,0.9,90.0,0.0,0,
null,PSEUDO-FASTBACK,App2Car,343.999,,42.0,,,1531.0,28.0,-0.7493851184844971,2.6168625354766846,9.030928611755371,9.432243591850737,,,,,,,,532.0,,,0,Não identificado,,,0.0,0.8666666666666667,90.0,0.0,0,
null,PSEUDO-FASTBACK,App2Car,344.998,,42.0,,,1520.0,30.0,-0.3232172429561615,2.4875755310058594,8.89685344696045,9.243727747250851,,,,,,,,532.0,,,0,Não identificado,,,0.0,0.9,90.0,0.0,0,
null,PSEUDO-FASTBACK,App2Car,345.998,,42.0,,,1526.0,31.0,-0.5027823448181152,2.212242364883423,10.747570991516113,10.984402058597658,,,,,,,,532.0,,,0,Não identificado,,,0.0,0.8666666666666667,90.0,0.0,0,
null,PSEUDO-FASTBACK,App2Car,346.999,,42.0,,,1520.0,32.0,1.6184803247451782,1.8267759084701538,8.578424453735352,8.918853900014222,,,,,,,,532.0,,,0,Não identificado,,,0.0,0.9,90.0,0.0,0,
null,PSEUDO-FASTBACK,App2Car,347.999,,42.0,,,1526.0,33.0,0.8762778043746948,2.078166961669922,9.5408935546875,9.803840601156958,,,,,,,,532.0,,,0,Não identificado,,,0.0,0.8666666666666667,90.0,0.0,0,
null,PSEUDO-FASTBACK,App2Car,348.999,,42.0,,,1525.0,34.0,0.7182605266571045,1.742978811264038,9.962273597717285,10.139071385311578,,,,,,,,532.0,,,0,Não identificado,,,0.0,0.8666666666666667,90.0,0.0,0,
null,PSEUDO-FASTBACK,App2Car,349.998,,42.0,,,1526.0,36.0,0.7230489253997803,1.8531121015548706,9.643844604492188,9.84685548614602,,,,,,,,532.0,,,0,Não identificado,,,0.0,0.8666666666666667,90.0,0.0,0,
null,PSEUDO-FASTBACK,App2Car,350.998,,37.0,,,1529.0,38.0,-0.08858546614646912,2.233790159225464,9.519346237182617,9.778323917912914,,,,,,,,568.3199999999999,,,0,Não identificado,,,0.0,0.9,90.0,0.0,0,
null,PSEUDO-FASTBACK,App2Car,351.998,,35.0,,,1525.0,38.0,-0.24420857429504395,2.1356279850006104,10.256759643554688,10.47958315505579,,,,,,,,559.1800000000001,,,0,Não identificado,,,0.0,0.9,90.0,0.0,0,
null,PSEUDO-FASTBACK,App2Car,353.000,,33.0,,,1516.0,39.0,-0.10534487664699554,1.9536685943603516,9.758766174316406,9.9529611555862,,,,,,,,550.0799999999999,,,0,Não identificado,,,0.0,0.9,90.0,0.0,0,
null,PSEUDO-FASTBACK,App2Car,354.001,,26.0,,,1528.0,40.0,0.5051765441894531,1.9704279899597168,9.124302864074707,9.348298912624573,,,,,,,,497.64,,,0,Não identificado,,,0.0,0.8333333333333334,90.0,0.0,0,
null,PSEUDO-FASTBACK,App2Car,355.002,,23.0,,,1507.0,40.0,-0.524330198764801,1.7501614093780518,10.295066833496094,10.45592598588782,,,,,,,,484.48,,,0,Não identificado,,,0.0,0.8,90.0,0.0,0,
null,PSEUDO-FASTBACK,App2Car,355.999,,24.0,,,1509.0,39.0,0.16759411990642548,1.455674648284912,9.062053680419922,9.17975453797643,,,,,,,,473.76,,,0,Não identificado,,,0.0,0.8333333333333334,90.0,0.0,0,
null,PSEUDO-FASTBACK,App2Car,356.999,,25.0,,,1512.0,37.0,-0.3734954595565796,1.2497732639312744,9.548076629638672,9.63676291059394,,,,,,,,467.17,,,0,Não identificado,,,0.0,0.8666666666666667,90.0,0.0,0,
null,PSEUDO-FASTBACK,App2Car,357.998,,25.0,,,1499.0,32.0,0.1364694982767105,0.6536170840263367,10.60391902923584,10.624920611236629,,,,,,,,467.17,,,0,Não identificado,,,0.0,0.8666666666666667,90.0,0.0,0,
null,PSEUDO-FASTBACK,App2Car,358.999,,25.0,,,1508.0,28.0,0.608127236366272,1.0438719987869263,8.62630844116211,8.710492799349906,,,,,,,,467.17,,,0,Não identificado,,,0.0,0.8333333333333334,90.0,0.0,0,
null,PSEUDO-FASTBACK,App2Car,359.998,,35.0,,,1266.0,24.0,2.099714994430542,0.33518823981285095,10.812214851379395,11.019307791614429,,,,,,,,373.47,,,0,Não identificado,,,0.0,0.8333333333333334,88.0,0.0,0,
null,PSEUDO-FASTBACK,App2Car,360.997,,37.0,,,1152.0,21.0,1.6855180263519287,1.556231141090393,10.649409294128418,10.893702065667371,,,,,,,,334.08,,,0,Não identificado,,,0.0,0.8333333333333334,88.0,0.0,0,
null,PSEUDO-FASTBACK,App2Car,361.998,,34.0,,,1128.0,21.0,1.015141487121582,2.473210334777832,10.211270332336426,10.555440464470507,,,,,,,,310.2,,,0,Não identificado,,,0.0,0.8333333333333334,88.0,0.0,0,
null,PSEUDO-FASTBACK,App2Car,362.998,,25.0,,,1672.0,20.0,0.35673606395721436,2.585737943649292,9.75397777557373,10.09719682778055,,,,,,,,376.2,,,0,Não identificado,,,0.0,0.8666666666666667,88.0,0.0,0,
null,PSEUDO-FASTBACK,App2Car,363.998,,42.0,,,1766.0,22.0,1.4317326545715332,1.5705963373184204,8.513781547546387,8.775027492168093,,,,,,,,565.12,,,0,Não identificado,,,0.0,0.9,88.0,0.0,0,
null,PSEUDO-FASTBACK,App2Car,365.000,,46.0,,,1730.0,24.0,-1.3958195447921753,2.3535003662109375,12.1194486618042,12.42450449883159,,,,,,,,600.645,,,0,Não identificado,,,0.0,0.8,88.0,0.0,1,
null,PSEUDO-FASTBACK,App2Car,365.998,,56.0,,,1569.0,26.0,-1.139639973640442,2.580949544906616,10.333374977111816,10.71161604243139,,,,,,,,655.695,,,0,Não identificado,,,0.0,0.8333333333333334,88.0,0.0,1,
null,PSEUDO-FASTBACK,App2Car,366.999,,52.0,,,1548.0,27.0,-0.5219359993934631,2.073378562927246,8.485051155090332,8.750280507341971,,,,,,,,618.965,,,0,Não identificado,,,0.0,0.8333333333333334,88.0,0.0,1,
null,PSEUDO-FASTBACK,App2Car,367.998,,52.0,,,1523.0,29.0,-1.4413094520568848,1.968033790588379,9.476250648498535,9.785185552183213,,,,,,,,622.485,,,0,Não identificado,,,0.0,0.8333333333333334,88.0,0.0,1,
null,PSEUDO-FASTBACK,App2Car,368.999,,48.0,,,1528.0,30.0,-1.2880805730819702,2.3032219409942627,7.618350028991699,8.062458684326163,,,,,,,,595.92,,,0,Não identificado,,,0.0,0.9,88.0,0.0,1,
null,PSEUDO-FASTBACK,App2Car,369.998,,46.0,,,1525.0,31.0,-1.3718775510787964,2.4181437492370605,10.158597946166992,10.53216879085198,,,,,,,,587.125,,,0,Não identificado,,,0.0,0.8666666666666667,88.0,0.0,0,
null,PSEUDO-FASTBACK,App2Car,370.999,,42.0,,,1526.0,32.0,-0.3064578175544739,1.845929503440857,7.618350028991699,7.844783571893585,,,,,,,,559.8100000000001,,,0,Não identificado,,,0.0,0.9,88.0,0.0,0,
null,PSEUDO-FASTBACK,App2Car,372.001,,46.0,,,1535.0,33.0,1.1971008777618408,5.34625244140625,8.858546257019043,10.415820057322733,,,,,,,,606.325,,,0,Não identificado,,,0.0,0.8666666666666667,88.0,0.0,1,
null,PSEUDO-FASTBACK,App2Car,372.999,,45.0,,,1524.0,34.0,-3.620033025741577,2.0877439975738525,9.042900085449219,9.961794821330283,,,,,,,,594.75,,,0,Não identificado,,,0.0,0.8666666666666667,88.0,0.0,1,
null,PSEUDO-FASTBACK,App2Car,373.998,,23.0,,,1513.0,34.0,-1.8195933103561401,1.2473790645599365,8.954314231872559,9.222072310978193,,,,,,,,431.49,,,0,Não identificado,,,0.0,0.8333333333333334,88.0,0.0,0,
null,PSEUDO-FASTBACK,App2Car,374.998,,22.0,,,1540.0,33.0,-3.952826976776123,2.2242133617401123,9.38048267364502,10.419473181376626,,,,,,,,423.5,,,0,Não identificado,,,0.0,0.7666666666666667,88.0,0.0,0,
null,PSEUDO-FASTBACK,App2Car,375.998,,33.0,,,1534.0,32.0,-1.115697979927063,1.3527239561080933,9.835380554199219,9.990463188949859,,,,,,,,498.54999999999995,,,0,Não identificado,,,0.0,0.9,88.0,0.0,0,
null,PSEUDO-FASTBACK,App2Car,376.999,,30.0,,,1517.0,32.0,-2.075772762298584,1.9919757843017578,9.32302188873291,9.756820036453385,,,,,,,,470.27,,,0,Não identificado,,,0.0,0.9,88.0,0.0,0,
null,PSEUDO-FASTBACK,App2Car,377.998,,30.0,,,1523.0,32.0,-1.824381709098816,1.9033904075622559,9.440337181091309,9.801593225429697,,,,,,,,472.13,,,0,Não identificado,,,0.0,0.9,88.0,0.0,0,
null,PSEUDO-FASTBACK,App2Car,378.998,,36.0,,,1515.0,33.0,-3.31118106842041,1.7190368175506592,9.421183586120605,10.13300092822204,,,,,,,,522.675,,,0,Não identificado,,,0.0,0.9,88.0,0.0,0,
null,PSEUDO-FASTBACK,App2Car,379.998,,38.0,,,1534.0,33.0,-1.9584569931030273,1.9297266006469727,9.643844604492188,10.02811733590467,,,,,,,,540.665,,,0,Não identificado,,,0.0,0.9,88.0,0.0,0,
null,PSEUDO-FASTBACK,App2Car,380.999,,38.0,,,1527.0,34.0,-0.6416460275650024,1.556231141090393,8.667010307312012,8.828965548479736,,,,,,,,540.665,,,0,Não identificado,,,0.0,0.9,88.0,0.0,0,
null,PSEUDO-FASTBACK,App2Car,381.998,,38.0,,,1521.0,34.0,-1.7381904125213623,1.8076223134994507,10.204087257385254,10.507721022884763,,,,,,,,540.665,,,0,Não identificado,,,0.0,0.9,88.0,0.0,0,
null,PSEUDO-FASTBACK,App2Car,382.998,,35.0,,,1518.0,35.0,-1.3623007535934448,1.4867992401123047,10.38604736328125,10.580000716255231,,,,,,,,531.3,,,0,Não identificado,,,0.0,0.9,88.0,0.0,0,
null,PSEUDO-FASTBACK,App2Car,383.998,,33.0,,,1521.0,36.0,-1.170764684677124,1.5442601442337036,6.536170482635498,6.817400818349423,,,,,,,,527.505,,,0,Não identificado,,,0.0,0.9,88.0,0.0,0,
null,PSEUDO-FASTBACK,App2Car,384.998,,28.0,,,1523.0,36.0,0.8882488012313843,0.2513911724090576,7.220912456512451,7.279681322631567,,,,,,,,486.72,,,0,Não identificado,,,0.0,0.8666666666666667,88.0,0.0,0,
null,PSEUDO-FASTBACK,App2Car,385.998,,35.0,,,1536.0,36.0,-0.1604115068912506,1.7717092037200928,9.44752025604248,9.613548998284795,,,,,,,,534.985,,,0,Não identificado,,,0.0,0.9,88.0,0.0,0,
null,PSEUDO-FASTBACK,App2Car,386.999,,35.0,,,1526.0,37.0,-1.1276689767837524,1.8986018896102905,9.038111686706543,9.30396632183359,,,,,,,,549.36,,,0,Não identificado,,,0.0,0.9,88.0,0.0,0,
null,PSEUDO-FASTBACK,App2Car,387.998,,24.0,,,1527.0,37.0,-1.4460978507995605,1.4245500564575195,10.438719749450684,10.63425652619928,,,,,,,,464.82,,,0,Não identificado,,,0.0,0.8333333333333334,88.0,0.0,0,
null,PSEUDO-FASTBACK,App2Car,388.998,,18.0,,,1501.0,36.0,-0.8403648138046265,0.6631938815116882,9.938331604003906,9.995822838360946,,,,,,,,417.45,,,0,Não identificado,,,0.0,0.9333333333333333,88.0,0.0,0,
null,PSEUDO-FASTBACK,App2Car,389.997,,18.0,,,1513.0,35.0,-1.1851298809051514,0.6991068720817566,8.767566680908203,8.87488077426271,,,,,,,,397.235,,,0,Não identificado,,,0.0,0.9333333333333333,88.0,0.0,0,
null,PSEUDO-FASTBACK,App2Car,390.998,,22.0,,,1473.0,32.0,0.2992752194404602,-0.7350199222564697,9.68694019317627,9.719394541290056,,,,,,,,409.32,,,0,Não identificado,,,0.0,0.7666666666666667,88.0,0.0,0,
null,PSEUDO-FASTBACK,App2Car,392.003,,33.0,,,1248.0,25.0,-0.993593692779541,-0.10055647045373917,10.062829971313477,10.112264190657115,,,,,,,,361.92,,,0,Não identificado,,,0.0,0.8333333333333334,88.0,0.0,0,
null,PSEUDO-FASTBACK,App2Car,392.998,,34.0,,,1171.0,18.0,-2.5761611461639404,0.9552865028381348,12.507309913635254,12.805544886072912,,,,,,,,304.46000000000004,,,0,Não identificado,,,0.0,0.8,88.0,0.0,0,
null,PSEUDO-FASTBACK,App2Car,393.999,,32.0,,,1108.0,14.0,-0.9193734526634216,2.650381326675415,9.670180320739746,10.068870649575068,,,,,,,,254.84,,,0,Não identificado,,,0.0,0.8,88.0,0.0,0,
null,PSEUDO-FASTBACK,App2Car,395.001,,38.0,,,1874.0,15.0,1.2880805730819702,4.546588897705078,9.11233139038086,10.264755502962874,,,,,,,,465.075,,,0,Não identificado,,,0.0,0.8666666666666667,88.0,0.0,0,
null,PSEUDO-FASTBACK,App2Car,395.999,,40.0,,,2002.0,18.0,-2.1523873805999756,3.3016040325164795,12.859257698059082,13.449679147429014,,,,,,,,580.5799999999999,,,0,Não identificado,,,0.0,0.8,88.0,0.0,0,
null,PSEUDO-FASTBACK,App2Car,396.999,,42.0,,,1969.0,21.0,0.14365209639072418,4.927267074584961,7.237671852111816,8.756853920669123,,,,,,,,620.235,,,0,Não identificado,,,0.0,0.8666666666666667,88.0,0.0,1,
null,PSEUDO-FASTBACK,App2Car,397.998,,50.0,,,1794.0,25.0,-0.47405192255973816,4.577713489532471,8.688557624816895,9.83215233899953,,,,,,,,672.7500000000001,,,0,Não identificado,,,0.0,0.8333333333333334,88.0,0.0,1,
null,PSEUDO-FASTBACK,App2Car,398.998,,53.0,,,1576.0,28.0,-0.17238251864910126,4.517858505249023,7.845798969268799,9.055237306242509,,,,,,,,638.28,,,0,Não identificado,,,0.0,0.8666666666666667,88.0,0.0,1,
null,PSEUDO-FASTBACK,App2Car,399.998,,52.0,,,1594.0,30.0,1.9967641830444336,2.4468741416931152,6.514622688293457,7.239790676449381,,,,,,,,624.4,,,0,Não identificado,,,0.0,0.7666666666666667,88.0,0.0,1,
null,PSEUDO-FASTBACK,App2Car,400.998,,52.0,,,1549.0,32.0,-0.3471592366695404,4.69024133682251,10.448296546936035,11.458000875630926,,,,,,,,651.965,,,0,Não identificado,,,0.0,0.8333333333333334,88.0,0.0,1,
null,PSEUDO-FASTBACK,App2Car,401.998,,51.0,,,1541.0,34.0,1.158793568611145,5.027823448181152,8.094796180725098,9.599350830562262,,,,,,,,650.1600000000001,,,0,Não identificado,,,0.0,0.9,88.0,0.0,1,
null,PSEUDO-FASTBACK,App2Car,402.999,,47.0,,,1514.0,35.0,-0.2753331959247589,4.721365928649902,8.056488990783691,9.342061841992544,,,,,,,,611.9549999999999,,,0,Não identificado,,,0.0,0.9,88.0,0.0,1,
null,PSEUDO-FASTBACK,App2Car,403.999,,47.0,,,1518.0,36.0,-0.2082955539226532,3.093308687210083,9.488221168518066,9.981897946526384,,,,,,,,611.9549999999999,,,0,Não identificado,,,0.0,0.8666666666666667,88.0,0.0,1,
null,PSEUDO-FASTBACK,App2Car,404.999,,40.0,,,1530.0,36.0,1.8770540952682495,1.5083470344543457,8.494627952575684,8.829334454283101,,,,,,,,570.375,,,0,Não identificado,,,0.0,0.9,88.0,0.0,0,
null,PSEUDO-FASTBACK,App2Car,405.999,,35.0,,,1530.0,36.0,0.3711012601852417,2.980781078338623,9.047688484191895,9.533280594279772,,,,,,,,539.245,,,0,Não identificado,,,0.0,0.9,88.0,0.0,0,
null,PSEUDO-FASTBACK,App2Car,406.998,,35.0,,,1527.0,37.0,-0.035913024097681046,2.911349296569824,9.210494041442871,9.659733172266824,,,,,,,,553.3199999999999,,,0,Não identificado,,,0.0,0.9,88.0,0.0,0,
null,PSEUDO-FASTBACK,App2Car,407.998,,33.0,,,1530.0,38.0,1.3287819623947144,1.1061211824417114,8.944737434387207,9.110296007482942,,,,,,,,542.085,,,0,Não identificado,,,0.0,0.9,88.0,0.0,0,
null,PSEUDO-FASTBACK,App2Car,408.999,,32.0,,,1518.0,38.0,0.4692635238170624,3.0142998695373535,9.452308654785156,9.932388980683573,,,,,,,,533.05,,,0,Não identificado,,,0.0,0.9,88.0,0.0,0,
null,PSEUDO-FASTBACK,App2Car,409.998,,34.0,,,1520.0,39.0,0.828393816947937,3.5697548389434814,9.002198219299316,9.719514324577837,,,,,,,,555.895,,,0,Não identificado,,,0.0,0.9,88.0,0.0,0,
null,PSEUDO-FASTBACK,App2Car,410.999,,36.0,,,1508.0,38.0,0.5003881454467773,3.5434184074401855,8.398859977722168,9.129460621070274,,,,,,,,562.4,,,0,Não identificado,,,0.0,0.9,88.0,0.0,0,
null,PSEUDO-FASTBACK,App2Car,411.998,,39.0,,,1533.0,38.0,0.828393816947937,2.889801502227783,9.516951560974121,9.980458709506456,,,,,,,,583.6600000000001,,,0,Não identificado,,,0.0,0.8666666666666667,88.0,0.0,0,
null,PSEUDO-FASTBACK,App2Car,412.998,,41.0,,,1533.0,38.0,0.40462008118629456,2.8347349166870117,9.272743225097656,9.704803263156766,,,,,,,,605.14,,,0,Não identificado,,,0.0,0.8666666666666667,88.0,0.0,1,
null,PSEUDO-FASTBACK,App2Car,413.999,,49.0,,,1536.0,39.0,-0.05506663769483566,3.7014358043670654,8.29590892791748,9.084369228996499,,,,,,,,671.88,,,0,Não identificado,,,0.0,0.8666666666666667,88.0,0.0,1,
null,PSEUDO-FASTBACK,App2Car,414.998,,50.0,,,1527.0,39.0,1.015141487121582,3.220201253890991,8.947132110595703,9.56302156009748,,,,,,,,683.52,,,0,Não identificado,,,0.0,0.8333333333333334,88.0,0.0,1,
null,PSEUDO-FASTBACK,App2Car,415.998,,49.0,,,1549.0,39.0,0.272938996553421,3.794809579849243,10.072406768798828,10.767007641833438,,,,,,,,671.88,,,0,Não identificado,,,0.0,0.8333333333333334,88.0,0.0,1,
null,PSEUDO-FASTBACK,App2Car,416.998,,51.0,,,1548.0,39.0,0.2513911724090576,3.8139634132385254,8.35336971282959,9.18631046711932,,,,,,,,689.3050000000001,,,0,Não identificado,,,0.0,0.8666666666666667,88.0,0.0,1,
null,PSEUDO-FASTBACK,App2Car,417.998,,51.0,,,1565.0,39.0,0.9600749015808105,3.7636849880218506,9.078812599182129,9.874811730700216,,,,,,,,689.3050000000001,,,0,Não identificado,,,0.0,0.8333333333333334,88.0,0.0,1,
null,PSEUDO-FASTBACK,App2Car,418.999,,51.0,,,1552.0,38.0,2.118868589401245,3.4356794357299805,7.168240070343018,8.22661309351062,,,,,,,,695.5350000000001,,,0,Não identificado,,,0.0,0.9,88.0,0.0,1,
null,PSEUDO-FASTBACK,App2Car,419.998,,51.0,,,1562.0,38.0,1.036689281463623,3.821146011352539,9.464279174804688,10.259067297031377,,,,,,,,695.5350000000001,,,0,Não identificado,,,0.0,0.8333333333333334,89.0,0.0,1,
null,PSEUDO-FASTBACK,App2Car,420.999,,50.0,,,1543.0,37.0,0.2944868206977844,3.9456443786621094,8.863334655761719,9.706365605645571,,,,,,,,675.5550000000001,,,0,Não identificado,,,0.0,0.8333333333333334,89.0,0.0,1,
null,PSEUDO-FASTBACK,App2Car,421.998,,50.0,,,1526.0,37.0,0.2849099934101105,3.557783842086792,8.640673637390137,9.34880957551536,,,,,,,,665.115,,,0,Não identificado,,,0.0,0.8333333333333334,89.0,0.0,1,
null,PSEUDO-FASTBACK,App2Car,422.998,,47.0,,,1515.0,37.0,0.6775590777397156,3.598485231399536,6.761225700378418,7.689106270294728,,,,,,,,635.8800000000001,,,0,Não identificado,,,0.0,0.8666666666666667,89.0,0.0,1,
null,PSEUDO-FASTBACK,App2Car,423.998,,38.0,,,1528.0,36.0,0.28969839215278625,3.77565598487854,10.160991668701172,10.843673499602414,,,,,,,,566.47,,,0,Não identificado,,,0.0,0.9,89.0,0.0,0,
null,PSEUDO-FASTBACK,App2Car,424.998,,33.0,,,1517.0,35.0,1.6065093278884888,3.0621838569641113,9.133879661560059,9.766555168855845,,,,,,,,520.88,,,0,Não identificado,,,0.0,0.9,89.0,0.0,0,
null,PSEUDO-FASTBACK,App2Car,426.000,,30.0,,,1523.0,33.0,-0.035913024097681046,2.717418909072876,9.557653427124023,9.93651821845571,,,,,,,,480.06,,,0,Não identificado,,,0.0,0.9,89.0,0.0,0,
null,PSEUDO-FASTBACK,App2Car,426.999,,25.0,,,1521.0,31.0,0.08379705995321274,3.318363666534424,7.910442352294922,8.57867458175293,,,,,,,,421.96000000000004,,,0,Não identificado,,,0.0,0.8666666666666667,89.0,0.0,0,
null,PSEUDO-FASTBACK,App2Car,427.998,,31.0,,,1535.0,30.0,0.36152446269989014,3.9264907836914062,8.537723541259766,9.404294395568717,,,,,,,,466.34499999999997,,,0,Não identificado,,,0.0,0.9,89.0,0.0,0,
null,PSEUDO-FASTBACK,App2Car,428.999,,45.0,,,1561.0,30.0,0.6416460275650024,3.5913026332855225,11.465831756591797,12.032225982710031,,,,,,,,577.875,,,0,Não identificado,,,0.0,0.8666666666666667,89.0,0.0,0,
null,PSEUDO-FASTBACK,App2Car,429.998,,51.0,,,1630.0,30.0,-0.8930372595787048,4.402936935424805,5.808333396911621,7.343031121682837,,,,,,,,624.915,,,0,Não identificado,,,0.0,0.9,89.0,0.0,1,
null,PSEUDO-FASTBACK,App2Car,430.998,,56.0,,,1686.0,30.0,0.0933738648891449,3.9432501792907715,7.601590633392334,8.564001448668671,,,,,,,,710.7900000000001,,,0,Não identificado,,,0.0,0.9,89.0,0.0,1,
null,PSEUDO-FASTBACK,App2Car,431.998,,55.0,,,1785.0,30.0,-1.3096283674240112,5.066130638122559,8.650250434875488,10.10977935908343,,,,,,,,716.55,,,0,Não identificado,,,0.0,0.8333333333333334,89.0,0.0,1,
null,PSEUDO-FASTBACK,App2Car,432.998,,43.0,,,2176.0,31.0,0.1867477297782898,4.67827033996582,9.509769439697266,10.599849191596139,,,,,,,,735.56,,,0,Não identificado,,,0.0,0.8666666666666667,89.0,0.0,1,
null,PSEUDO-FASTBACK,App2Car,433.999,,42.0,,,2188.0,32.0,0.8259995579719543,3.2992098331451416,7.850587368011475,8.555628721238012,,,,,,,,794.24,,,0,Não identificado,,,0.0,0.8666666666666667,89.0,0.0,1,
null,PSEUDO-FASTBACK,App2Car,434.998,,42.0,,,2190.0,34.0,-0.40940847992897034,5.116408824920654,10.271124839782715,11.482214944929623,,,,,,,,794.24,,,0,Não identificado,,,0.0,0.8666666666666667,89.0,0.0,1,
null,PSEUDO-FASTBACK,App2Car,435.998,,42.0,,,2193.0,35.0,0.043095629662275314,5.659893035888672,10.196905136108398,11.662466324315407,,,,,,,,794.24,,,0,Não identificado,,,0.0,0.8666666666666667,89.0,0.0,1,
null,PSEUDO-FASTBACK,App2Car,436.998,,44.0,,,2205.0,36.0,0.6248866319656372,4.2544965744018555,10.163386344909668,11.035653419725666,,,,,,,,877.2,,,0,Não identificado,,,0.0,0.8666666666666667,89.0,0.0,1,
null,PSEUDO-FASTBACK,App2Car,437.999,,43.0,,,2201.0,37.0,0.7805097699165344,4.223371982574463,8.379706382751465,9.41623839254592,,,,,,,,880.4000000000001,,,0,Não identificado,,,0.0,0.8666666666666667,89.0,0.0,1,
null,PSEUDO-FASTBACK,App2Car,438.998,,43.0,,,2217.0,38.0,1.6424223184585571,4.656722068786621,9.315838813781738,10.543598261621005,,,,,,,,880.4000000000001,,,0,Não identificado,,,0.0,0.8666666666666667,89.0,0.0,1,
null,PSEUDO-FASTBACK,App2Car,439.998,,44.0,,,2203.0,39.0,1.0342950820922852,4.991910457611084,8.530540466308594,9.937759152896373,,,,,,,,901.1800000000001,,,0,Não identificado,,,0.0,0.8666666666666667,89.0,0.0,1,
null,PSEUDO-FASTBACK,App2Car,441.000,,44.0,,,2211.0,40.0,0.8044517636299133,5.355829238891602,8.276755332946777,9.891245033747591,,,,,,,,901.1800000000001,,,0,Não identificado,,,0.0,0.8333333333333334,89.0,0.0,1,
null,PSEUDO-FASTBACK,App2Car,441.998,,44.0,,,2194.0,41.0,-0.272938996553421,5.386953830718994,8.214506149291992,9.82709919288971,,,,,,,,901.1800000000001,,,0,Não identificado,,,0.0,0.8333333333333334,89.0,0.0,1,
null,PSEUDO-FASTBACK,App2Car,442.997,,42.0,,,2187.0,42.0,0.21308395266532898,4.944026470184326,7.7883381843566895,9.227513976292597,,,,,,,,904.7,,,0,Não identificado,,,0.0,0.8333333333333334,89.0,0.0,1,
null,PSEUDO-FASTBACK,App2Car,443.998,,41.0,,,2193.0,43.0,1.0079588890075684,5.03021764755249,8.920795440673828,10.290756143161921,,,,,,,,907.605,,,0,Não identificado,,,0.0,0.8333333333333334,89.0,0.0,1,
null,PSEUDO-FASTBACK,App2Car,444.998,,42.0,,,2166.0,44.0,0.09576806426048279,4.730942726135254,6.756437301635742,8.248662655912117,,,,,,,,936.11,,,0,Não identificado,,,0.0,0.8666666666666667,89.0,0.0,1,
null,PSEUDO-FASTBACK,App2Car,445.998,,41.0,,,2162.0,46.0,0.7541735172271729,4.841075897216797,8.039729118347168,9.414990060169982,,,,,,,,931.3800000000001,,,0,Não identificado,,,0.0,0.8,89.0,0.0,1,
null,PSEUDO-FASTBACK,App2Car,446.998,,39.0,,,2140.0,47.0,0.4620809257030487,4.845864295959473,7.931990146636963,9.306577633217232,,,,,,,,928.8000000000001,,,0,Não identificado,,,0.0,0.8,89.0,0.0,1,
null,PSEUDO-FASTBACK,App2Car,447.998,,57.0,,,1659.0,49.0,-0.07661445438861847,5.499481201171875,7.070077419281006,8.957463813563038,,,,,,,,965.1300000000001,,,0,Não identificado,,,0.0,0.8333333333333334,89.0,0.0,1,
null,PSEUDO-FASTBACK,App2Car,448.998,,55.0,,,1657.0,50.0,-0.14365209639072418,4.888959884643555,7.268796443939209,8.76116238988153,,,,,,,,871.5000000000001,,,0,Não identificado,,,0.0,0.8,89.0,0.0,1,
null,PSEUDO-FASTBACK,App2Car,449.997,,51.0,,,1667.0,51.0,-0.11013327538967133,4.07014274597168,8.56645393371582,9.484847089405775,,,,,,,,849.66,,,0,Não identificado,,,0.0,0.7,89.0,0.0,1,
null,PSEUDO-FASTBACK,App2Car,450.998,,54.0,,,1621.0,53.0,-0.21308395266532898,5.058948040008545,9.351752281188965,10.634548921844912,,,,,,,,876.865,,,0,Não identificado,,,0.0,0.6666666666666666,89.0,0.0,1,
null,PSEUDO-FASTBACK,App2Car,451.998,,55.0,,,1479.0,54.0,1.036689281463623,5.183446884155273,8.38688850402832,9.913765432274609,,,,,,,,856.74,,,0,Não identificado,,,0.0,0.7333333333333333,89.0,0.0,1,
null,PSEUDO-FASTBACK,App2Car,452.998,,36.0,,,1523.0,56.0,1.9536685943603516,5.0254292488098145,6.768408298492432,8.653502817153544,,,,,,,,690.9200000000001,,,0,Não identificado,,,0.0,0.8,89.0,0.0,1,
null,PSEUDO-FASTBACK,App2Car,453.998,,16.0,,,1562.0,57.0,-0.4668693244457245,5.6670756340026855,8.099584579467773,9.896311614312046,,,,,,,,566.115,,,0,Não identificado,,,0.0,0.7666666666666667,89.0,0.0,0,
null,PSEUDO-FASTBACK,App2Car,454.998,,18.0,,,1493.0,57.0,0.6320692300796509,5.329493045806885,10.8505220413208,12.105240030916608,,,,,,,,566.625,,,0,Não identificado,,,0.0,0.8333333333333334,89.0,0.0,0,
null,PSEUDO-FASTBACK,App2Car,455.998,,18.0,,,1535.0,58.0,1.0199298858642578,5.717353820800781,10.87446403503418,12.328112577907302,,,,,,,,566.625,,,0,Não identificado,,,0.0,0.8,89.0,0.0,0,
null,PSEUDO-FASTBACK,App2Car,456.999,,18.0,,,1544.0,57.0,1.3239935636520386,5.468356609344482,8.094796180725098,9.858073248410925,,,,,,,,566.625,,,0,Não identificado,,,0.0,0.8333333333333334,89.0,0.0,0,
null,PSEUDO-FASTBACK,App2Car,457.998,,19.0,,,1531.0,57.0,1.381454348564148,6.313509941101074,8.135497093200684,10.390146141754968,,,,,,,,584.44,,,0,Não identificado,,,0.0,0.5666666666666667,89.0,0.0,0,
null,PSEUDO-FASTBACK,App2Car,458.999,,19.0,,,1535.0,58.0,0.5889736413955688,5.3797712326049805,7.829039573669434,9.517493846150096,,,,,,,,584.44,,,0,Não identificado,,,0.0,0.5333333333333333,89.0,0.0,0,
null,PSEUDO-FASTBACK,App2Car,459.998,,20.0,,,1531.0,56.0,0.7493851184844971,5.518634796142578,8.995016098022461,10.579566279989217,,,,,,,,581.02,,,0,Não identificado,,,0.0,0.6666666666666666,89.0,0.0,0,
null,PSEUDO-FASTBACK,App2Car,460.998,,20.0,,,1519.0,55.0,-0.15801730751991272,5.693411827087402,8.698134422302246,10.396992359847813,,,,,,,,581.02,,,0,Não identificado,,,0.0,0.7,89.0,0.0,0,
null,PSEUDO-FASTBACK,App2Car,461.998,,16.0,,,1544.0,56.0,0.08379705995321274,5.884947776794434,10.309432983398438,11.871143193561359,,,,,,,,555.84,,,0,Não identificado,,,0.0,0.8333333333333334,89.0,0.0,0,
null,PSEUDO-FASTBACK,App2Car,462.999,,17.0,,,1508.0,55.0,0.7493851184844971,5.537788391113281,13.385981559753418,14.50562582719593,,,,,,,,546.48,,,0,Não identificado,,,0.0,0.8333333333333334,89.0,0.0,0,
null,PSEUDO-FASTBACK,App2Car,463.999,,20.0,,,1512.0,55.0,1.0127472877502441,4.259284973144531,6.828263282775879,8.111248055028616,,,,,,,,561.0,,,0,Não identificado,,,0.0,0.6666666666666666,89.0,0.0,0,
null,PSEUDO-FASTBACK,App2Car,464.998,,18.0,,,1532.0,53.0,1.2090718746185303,4.592078685760498,7.589619159698486,8.952729217589003,,,,,,,,544.3199999999999,,,0,Não identificado,,,0.0,0.8,89.0,0.0,0,
null,PSEUDO-FASTBACK,App2Car,465.998,,20.0,,,1530.0,53.0,-0.363918662071228,5.276820659637451,8.643068313598633,10.133109243470784,,,,,,,,559.1800000000001,,,0,Não identificado,,,0.0,0.7,89.0,0.0,0,
null,PSEUDO-FASTBACK,App2Car,467.002,,20.0,,,1525.0,52.0,0.9193734526634216,4.46518611907959,8.544905662536621,9.684965018271038,,,,,,,,559.1800000000001,,,0,Não identificado,,,0.0,0.6666666666666666,89.0,0.0,0,
null,PSEUDO-FASTBACK,App2Car,467.999,,20.0,,,1530.0,50.0,0.950498104095459,5.16429328918457,9.813833236694336,11.130350157126786,,,,,,,,559.1800000000001,,,0,Não identificado,,,0.0,0.7,89.0,0.0,0,
null,PSEUDO-FASTBACK,App2Car,468.998,,18.0,,,1536.0,50.0,0.6943184733390808,5.243301868438721,6.833051681518555,8.640884671623411,,,,,,,,530.74,,,0,Não identificado,,,0.0,0.8,89.0,0.0,0,
null,PSEUDO-FASTBACK,App2Car,469.998,,18.0,,,1531.0,49.0,0.19393034279346466,5.535394191741943,8.094796180725098,9.808359854904797,,,,,,,,530.74,,,0,Não identificado,,,0.0,0.9,89.0,0.0,0,
null,PSEUDO-FASTBACK,App2Car,470.998,,18.0,,,1517.0,49.0,0.2801215946674347,5.264849662780762,7.915230751037598,9.510414708184546,,,,,,,,508.19500000000005,,,0,Não identificado,,,0.0,0.9,89.0,0.0,0,
null,PSEUDO-FASTBACK,App2Car,471.999,,19.0,,,1513.0,47.0,0.871489405632019,4.721365928649902,8.516175270080566,9.776299465906147,,,,,,,,499.29,,,0,Não identificado,,,0.0,0.6666666666666666,89.0,0.0,0,
null,PSEUDO-FASTBACK,App2Car,473.002,,22.0,,,1523.0,46.0,0.5746083855628967,4.836287498474121,9.217676162719727,10.425229273518532,,,,,,,,517.82,,,0,Não identificado,,,0.0,0.7,89.0,0.0,0,
null,PSEUDO-FASTBACK,App2Car,473.999,,21.0,,,1512.0,43.0,0.524330198764801,4.110844135284424,7.85537576675415,8.881491434373364,,,,,,,,483.84,,,0,Não identificado,,,0.0,0.7,89.0,0.0,0,
null,PSEUDO-FASTBACK,App2Car,474.998,,22.0,,,1502.0,39.0,0.16998831927776337,2.650381326675415,9.169792175292969,9.546648927427087,,,,,,,,458.11,,,0,Não identificado,,,0.0,0.7666666666666667,89.0,0.0,0,
null,PSEUDO-FASTBACK,App2Car,475.998,,22.0,,,1496.0,31.0,0.5889736413955688,2.166752576828003,9.339780807495117,9.605894659608946,,,,,,,,396.44000000000005,,,0,Não identificado,,,0.0,0.7666666666666667,89.0,0.0,0,
null,PSEUDO-FASTBACK,App2Car,476.999,,28.0,,,1270.0,21.0,-0.8307880163192749,4.0294413566589355,8.707711219787598,9.630723807794922,,,,,,,,400.40999999999997,,,0,Não identificado,,,0.0,0.8,89.0,0.0,0,
null,PSEUDO-FASTBACK,App2Car,477.998,,34.0,,,1137.0,14.0,-0.33279404044151306,5.427655220031738,5.2265424728393555,7.542343089603183,,,,,,,,349.25,,,0,Não identificado,,,0.0,0.8,89.0,0.0,0,
null,PSEUDO-FASTBACK,App2Car,478.997,,27.0,,,1721.0,14.0,0.28730419278144836,6.854599475860596,9.586383819580078,11.788419419496613,,,,,,,,227.755,,,0,Não identificado,,,0.0,0.8666666666666667,89.0,0.0,0,
null,PSEUDO-FASTBACK,App2Car,479.999,,34.0,,,1784.0,16.0,0.023942016065120697,5.420472621917725,7.048529624938965,8.891786464976265,,,,,,,,446.0,,,0,Não identificado,,,0.0,0.8666666666666667,86.0,0.0,0,
null,PSEUDO-FASTBACK,App2Car,480.998,,45.0,,,1611.0,19.0,0.47884035110473633,5.544970989227295,7.60637903213501,9.425125640208812,,,,,,,,516.8,,,0,Não identificado,,,0.0,0.8666666666666667,86.0,0.0,0,
null,PSEUDO-FASTBACK,App2Car,481.998,,53.0,,,1611.0,21.0,0.5003881454467773,5.942408561706543,7.627926826477051,9.682348655178409,,,,,,,,585.34,,,0,Não identificado,,,0.0,0.8333333333333334,86.0,0.0,0,
null,PSEUDO-FASTBACK,App2Car,482.999,,53.0,,,1646.0,25.0,0.7134721279144287,5.7987565994262695,8.185775756835938,10.056915298335937,,,,,,,,638.4300000000001,,,0,Não identificado,,,0.0,0.8333333333333334,86.0,0.0,1,
null,PSEUDO-FASTBACK,App2Car,483.999,,54.0,,,1646.0,27.0,0.20350714027881622,6.433219909667969,8.192957878112793,10.418843138987327,,,,,,,,666.63,,,0,Não identificado,,,0.0,0.8333333333333334,86.0,0.0,1,
null,PSEUDO-FASTBACK,App2Car,484.998,,55.0,,,1659.0,30.0,0.8690952062606812,5.396530628204346,7.601590633392334,9.362801367986558,,,,,,,,691.32,,,0,Não identificado,,,0.0,0.9,86.0,0.0,1,
null,PSEUDO-FASTBACK,App2Car,485.998,,55.0,,,1655.0,32.0,0.023942016065120697,5.789179801940918,8.274360656738281,10.098525648683193,,,,,,,,691.32,,,0,Não identificado,,,0.0,0.8333333333333334,86.0,0.0,1,
null,PSEUDO-FASTBACK,App2Car,486.999,,54.0,,,1663.0,35.0,0.2992752194404602,5.789179801940918,6.835445880889893,8.962560394594082,,,,,,,,740.035,,,0,Não identificado,,,0.0,0.8333333333333334,86.0,0.0,1,
null,PSEUDO-FASTBACK,App2Car,487.999,,53.0,,,1663.0,37.0,0.033518824726343155,5.9974751472473145,7.110779285430908,9.302366026961826,,,,,,,,748.3499999999999,,,0,Não identificado,,,0.0,0.8666666666666667,86.0,0.0,1,
null,PSEUDO-FASTBACK,App2Car,488.998,,55.0,,,1649.0,39.0,0.19393034279346466,5.688623428344727,6.840234279632568,8.898699370561351,,,,,,,,762.135,,,0,Não identificado,,,0.0,0.8666666666666667,86.0,0.0,1,
null,PSEUDO-FASTBACK,App2Car,489.999,,55.0,,,1662.0,41.0,0.0933738648891449,5.530605792999268,8.020575523376465,9.742994962658404,,,,,,,,762.135,,,0,Não identificado,,,0.0,0.8,86.0,0.0,1,
null,PSEUDO-FASTBACK,App2Car,490.999,,55.0,,,1665.0,43.0,0.8427590131759644,6.586448669433594,6.648698329925537,9.396634414072281,,,,,,,,762.135,,,0,Não identificado,,,0.0,0.7666666666666667,86.0,0.0,1,
null,PSEUDO-FASTBACK,App2Car,491.998,,55.0,,,1660.0,44.0,0.5841852426528931,4.58968448638916,7.709329605102539,8.991120010457275,,,,,,,,762.135,,,0,Não identificado,,,0.0,0.8666666666666667,86.0,0.0,1,
null,PSEUDO-FASTBACK,App2Car,492.998,,55.0,,,1655.0,46.0,1.2306196689605713,4.93923807144165,6.71334171295166,8.424930530922376,,,,,,,,762.135,,,0,Não identificado,,,0.0,0.8333333333333334,86.0,0.0,1,
null,PSEUDO-FASTBACK,App2Car,493.998,,54.0,,,1610.0,47.0,0.8355764150619507,5.130774021148682,7.7213006019592285,9.308142295179954,,,,,,,,834.7650000000001,,,0,Não identificado,,,0.0,0.7666666666666667,86.0,0.0,1,
null,PSEUDO-FASTBACK,App2Car,494.999,,53.0,,,1614.0,50.0,0.6751648783683777,5.602431774139404,7.647080421447754,9.50373233887395,,,,,,,,814.47,,,0,Não identificado,,,0.0,0.7,86.0,0.0,1,
null,PSEUDO-FASTBACK,App2Car,495.999,,54.0,,,1554.0,52.0,0.6368576288223267,5.137956619262695,7.474697589874268,9.092595334715316,,,,,,,,820.56,,,0,Não identificado,,,0.0,0.7,86.0,0.0,1,
null,PSEUDO-FASTBACK,App2Car,497.000,,48.0,,,1515.0,53.0,0.31842881441116333,4.972756862640381,8.135497093200684,9.540231688919356,,,,,,,,765.075,,,0,Não identificado,,,0.0,0.7666666666666667,86.0,0.0,1,
null,PSEUDO-FASTBACK,App2Car,497.998,,39.0,,,1528.0,55.0,0.7493851184844971,5.236119270324707,9.153033256530762,10.571496623658822,,,,,,,,718.16,,,0,Não identificado,,,0.0,0.8,86.0,0.0,1,
null,PSEUDO-FASTBACK,App2Car,499.000,,40.0,,,1530.0,57.0,0.7924807667732239,5.16429328918457,9.119514465332031,10.510161512832351,,,,,,,,736.8,,,0,Não identificado,,,0.0,0.7666666666666667,86.0,0.0,1,
null,PSEUDO-FASTBACK,App2Car,499.999,,34.0,,,1535.0,58.0,0.3280056416988373,4.745307922363281,7.747636795043945,9.09128213658276,,,,,,,,694.3299999999999,,,0,Não identificado,,,0.0,0.7666666666666667,86.0,0.0,1,
null,PSEUDO-FASTBACK,App2Car,500.998,,30.0,,,1538.0,60.0,0.7757213711738586,4.371812343597412,7.42681360244751,8.652863520177924,,,,,,,,677.6,,,0,Não identificado,,,0.0,0.7666666666666667,86.0,0.0,1,
null,PSEUDO-FASTBACK,App2Car,501.999,,25.0,,,1533.0,61.0,-0.06703764945268631,4.977545261383057,7.977479934692383,9.403224818325926,,,,,,,,651.95,,,0,Não identificado,,,0.0,0.7,86.0,0.0,1,
null,PSEUDO-FASTBACK,App2Car,502.998,,20.0,,,1540.0,62.0,1.3455413579940796,5.307945251464844,9.227252960205078,10.729723273702547,,,,,,,,622.8900000000001,,,0,Não identificado,,,0.0,0.6333333333333333,86.0,0.0,1,
null,PSEUDO-FASTBACK,App2Car,503.998,,20.0,,,1549.0,62.0,1.1899182796478271,4.565742492675781,7.307103633880615,8.698026991101866,,,,,,,,622.8900000000001,,,0,Não identificado,,,0.0,0.6,86.0,0.0,1,
null,PSEUDO-FASTBACK,App2Car,504.999,,21.0,,,1543.0,62.0,-0.002394201699644327,5.03021764755249,7.489062786102295,9.02159391283672,,,,,,,,642.835,,,0,Não identificado,,,0.0,0.6,86.0,0.0,1,
null,PSEUDO-FASTBACK,App2Car,505.998,,21.0,,,1549.0,63.0,0.0071826050989329815,4.93923807144165,8.530540466308594,9.857293998026186,,,,,,,,642.835,,,0,Não identificado,,,0.0,0.6666666666666666,86.0,0.0,1,
null,PSEUDO-FASTBACK,App2Car,506.998,,21.0,,,1546.0,62.0,0.3423708379268646,4.953603267669678,7.5201873779296875,9.011582620344965,,,,,,,,642.835,,,0,Não identificado,,,0.0,0.6,86.0,0.0,1,
null,PSEUDO-FASTBACK,App2Car,507.998,,21.0,,,1545.0,62.0,0.6440402865409851,5.073313236236572,7.675810813903809,9.223414049824699,,,,,,,,642.835,,,0,Não identificado,,,0.0,0.6333333333333333,86.0,0.0,1,
null,PSEUDO-FASTBACK,App2Car,508.998,,21.0,,,1545.0,63.0,0.3447650372982025,4.967968463897705,7.496245384216309,8.999626017208142,,,,,,,,642.835,,,0,Não identificado,,,0.0,0.6666666666666666,86.0,0.0,1,
null,PSEUDO-FASTBACK,App2Car,509.998,,19.0,,,1554.0,61.0,0.05506663769483566,5.322310447692871,9.452308654785156,10.847864294022768,,,,,,,,626.535,,,0,Não identificado,,,0.0,0.5333333333333333,86.0,0.0,1,
null,PSEUDO-FASTBACK,App2Car,510.999,,17.0,,,1537.0,60.0,0.8164227604866028,5.082890033721924,7.994239330291748,9.508426772538856,,,,,,,,604.11,,,0,Não identificado,,,0.0,0.7333333333333333,86.0,0.0,1,
null,PSEUDO-FASTBACK,App2Car,511.999,,16.0,,,1541.0,60.0,0.5770025849342346,5.327098846435547,7.6111674308776855,9.308103123814698,,,,,,,,595.98,,,0,Não identificado,,,0.0,0.6333333333333333,86.0,0.0,1,
null,PSEUDO-FASTBACK,App2Car,512.999,,16.0,,,1509.0,59.0,1.0055646896362305,4.314351558685303,9.332598686218262,10.330643153016966,,,,,,,,568.875,,,0,Não identificado,,,0.0,0.6,86.0,0.0,0,
null,PSEUDO-FASTBACK,App2Car,513.998,,19.0,,,1527.0,56.0,0.7206547260284424,4.716577529907227,9.11233139038086,10.285914164423756,,,,,,,,571.5,,,0,Não identificado,,,0.0,0.6,86.0,0.0,0,
null,PSEUDO-FASTBACK,App2Car,514.998,,19.0,,,1506.0,53.0,0.49320554733276367,4.01268196105957,9.445125579833984,10.2740092199378,,,,,,,,544.6800000000001,,,0,Não identificado,,,0.0,0.6,86.0,0.0,0,
null,PSEUDO-FASTBACK,App2Car,515.998,,18.0,,,1514.0,47.0,2.0638017654418945,3.5697548389434814,8.279149055480957,9.249147875348989,,,,,,,,499.525,,,0,Não identificado,,,0.0,0.9,86.0,0.0,0,
null,PSEUDO-FASTBACK,App2Car,516.998,,20.0,,,1517.0,42.0,1.113303780555725,3.8163576126098633,7.989450931549072,8.923864461249693,,,,,,,,470.27,,,0,Não identificado,,,0.0,0.7,86.0,0.0,0,
null,PSEUDO-FASTBACK,App2Car,518.005,,20.0,,,1499.0,34.0,1.400607943534851,3.246537446975708,9.57441234588623,10.206423456586894,,,,,,,,401.49,,,0,Não identificado,,,0.0,0.8,86.0,0.0,0,
null,PSEUDO-FASTBACK,App2Car,518.998,,31.0,,,1160.0,23.0,2.561795711517334,2.52109432220459,9.672574996948242,10.31878970231437,,,,,,,,313.2,,,0,Não identificado,,,0.0,0.8333333333333334,86.0,0.0,0,
null,PSEUDO-FASTBACK,App2Car,519.998,,33.0,,,1113.0,17.0,0.07422025501728058,5.822698593139648,6.296750545501709,8.576619088258575,,,,,,,,278.25,,,0,Não identificado,,,0.0,0.8,86.0,0.0,0,
null,PSEUDO-FASTBACK,App2Car,520.999,,24.0,,,1314.0,14.0,1.1180921792984009,5.5329999923706055,9.232041358947754,10.821035379773196,,,,,,,,249.66000000000003,,,0,Não identificado,,,0.0,0.8,86.0,0.0,0,
null,PSEUDO-FASTBACK,App2Car,522.000,,32.0,,,1678.0,15.0,1.259350061416626,5.60722017288208,7.8745293617248535,9.74859442755891,,,,,,,,394.33000000000004,,,0,Não identificado,,,0.0,0.8666666666666667,86.0,0.0,0,
null,PSEUDO-FASTBACK,App2Car,522.999,,45.0,,,1641.0,17.0,0.6631938815116882,5.868188381195068,7.424419403076172,9.486699345633404,,,,,,,,508.71000000000004,,,0,Não identificado,,,0.0,0.8666666666666667,86.0,0.0,0,
null,PSEUDO-FASTBACK,App2Car,523.998,,50.0,,,1564.0,20.0,0.569819986820221,5.671864032745361,7.419631004333496,9.35658381375367,,,,,,,,547.4,,,0,Não identificado,,,0.0,0.9,86.0,0.0,0,
null,PSEUDO-FASTBACK,App2Car,524.998,,51.0,,,1590.0,23.0,1.1180921792984009,5.279214859008789,8.212111473083496,9.826444651822806,,,,,,,,588.3,,,0,Não identificado,,,0.0,0.8,86.0,0.0,0,
null,PSEUDO-FASTBACK,App2Car,525.998,,51.0,,,1606.0,26.0,-1.6304513216018677,7.357381820678711,6.689399719238281,10.076582127443414,,,,,,,,588.3,,,0,Não identificado,,,0.0,0.8333333333333334,86.0,0.0,0,
null,PSEUDO-FASTBACK,App2Car,526.999,,51.0,,,1704.0,29.0,1.2018892765045166,5.743690013885498,8.729259490966797,10.5182928305509,,,,,,,,681.5999999999999,,,0,Não identificado,,,0.0,0.8333333333333334,86.0,0.0,1,
null,PSEUDO-FASTBACK,App2Car,527.999,,56.0,,,1664.0,31.0,0.2849099934101105,5.9304375648498535,7.340622425079346,9.441186419222161,,,,,,,,723.6899999999999,,,0,Não identificado,,,0.0,0.8333333333333334,86.0,0.0,1,
null,PSEUDO-FASTBACK,App2Car,528.998,,56.0,,,1716.0,33.0,0.6703764796257019,5.829881191253662,7.29034423828125,9.358741285087925,,,,,,,,740.96,,,0,Não identificado,,,0.0,0.8333333333333334,86.0,0.0,1,
null,PSEUDO-FASTBACK,App2Car,529.998,,58.0,,,1730.0,35.0,0.8954314589500427,6.119579315185547,7.436390399932861,9.672174040655896,,,,,,,,809.0999999999999,,,0,Não identificado,,,0.0,0.8333333333333334,86.0,0.0,1,
null,PSEUDO-FASTBACK,App2Car,530.998,,57.0,,,1731.0,38.0,1.5394717454910278,5.188235282897949,7.5968017578125,9.327333785888412,,,,,,,,795.8,,,0,Não identificado,,,0.0,0.8,86.0,0.0,1,
null,PSEUDO-FASTBACK,App2Car,531.998,,55.0,,,1711.0,40.0,0.7110779285430908,5.434837818145752,7.955932140350342,9.661260277617407,,,,,,,,814.04,,,0,Não identificado,,,0.0,0.8,86.0,0.0,1,
null,PSEUDO-FASTBACK,App2Car,532.999,,54.0,,,1658.0,42.0,0.3758896589279175,5.729324817657471,7.572859764099121,9.503402596366533,,,,,,,,788.9749999999999,,,0,Não identificado,,,0.0,0.7666666666666667,86.0,0.0,1,
null,PSEUDO-FASTBACK,App2Car,533.998,,53.0,,,1675.0,44.0,0.3734954595565796,5.109226226806641,6.361393928527832,8.167681691208893,,,,,,,,792.96,,,0,Não identificado,,,0.0,0.8666666666666667,86.0,0.0,1,
null,PSEUDO-FASTBACK,App2Car,534.998,,53.0,,,1692.0,46.0,0.15322890877723694,5.801150798797607,7.017405033111572,9.10608604657428,,,,,,,,792.96,,,0,Não identificado,,,0.0,0.8,86.0,0.0,1,
null,PSEUDO-FASTBACK,App2Car,535.999,,53.0,,,1688.0,48.0,1.2713210582733154,5.621585369110107,8.956708908081055,10.65087384957218,,,,,,,,792.96,,,0,Não identificado,,,0.0,0.7666666666666667,86.0,0.0,1,
null,PSEUDO-FASTBACK,App2Car,536.999,,53.0,,,1671.0,48.0,1.3503297567367554,4.6471452713012695,8.063671112060547,9.404368209932354,,,,,,,,792.96,,,0,Não identificado,,,0.0,0.7666666666666667,86.0,0.0,1,
null,PSEUDO-FASTBACK,App2Car,537.998,,53.0,,,1668.0,50.0,1.5634137392044067,5.5760955810546875,9.138668060302734,10.819073821977002,,,,,,,,792.96,,,0,Não identificado,,,0.0,0.7333333333333333,86.0,0.0,1,
null,PSEUDO-FASTBACK,App2Car,538.998,,53.0,,,1635.0,51.0,0.026336219161748886,5.2672438621521,8.927978515625,10.365970860236887,,,,,,,,792.96,,,0,Não identificado,,,0.0,0.7,86.0,0.0,1,
null,PSEUDO-FASTBACK,App2Car,539.999,,48.0,,,1476.0,51.0,-0.6607996821403503,4.898536682128906,7.718906402587891,9.165906059849817,,,,,,,,817.5,,,0,Não identificado,,,0.0,0.8,90.0,0.0,1,
null,PSEUDO-FASTBACK,App2Car,540.999,,18.0,,,1544.0,51.0,1.7118542194366455,4.616020679473877,8.978256225585938,10.239491033943345,,,,,,,,520.8,,,0,Não identificado,,,0.0,0.8333333333333334,90.0,0.0,0,
null,PSEUDO-FASTBACK,App2Car,541.999,,17.0,,,1521.0,49.0,1.678335428237915,4.027047157287598,10.103530883789062,11.005237613808076,,,,,,,,524.96,,,0,Não identificado,,,0.0,0.9,90.0,0.0,0,
null,PSEUDO-FASTBACK,App2Car,542.998,,20.0,,,1501.0,45.0,1.3024457693099976,2.43011474609375,9.50498104095459,9.896791765520884,,,,,,,,514.0799999999999,,,0,Não identificado,,,0.0,0.7333333333333333,90.0,0.0,0,
null,PSEUDO-FASTBACK,App2Car,543.998,,20.0,,,1523.0,43.0,1.05105459690094,2.561795711517334,9.23443603515625,9.640659828072323,,,,,,,,471.87,,,0,Não identificado,,,0.0,0.7,90.0,0.0,0,
null,PSEUDO-FASTBACK,App2Car,544.998,,20.0,,,1501.0,36.0,0.2753331959247589,2.3104045391082764,11.650185585021973,11.880261010119435,,,,,,,,471.87,,,0,Não identificado,,,0.0,0.8,90.0,0.0,0,
null,PSEUDO-FASTBACK,App2Car,545.998,,21.0,,,1408.0,29.0,0.40462008118629456,2.4229321479797363,9.567230224609375,9.87756102357723,,,,,,,,376.0,,,0,Não identificado,,,0.0,0.8,90.0,0.0,0,
null,PSEUDO-FASTBACK,App2Car,546.998,,35.0,,,1160.0,19.0,-0.021547814831137657,2.87064790725708,10.790667533874512,11.166001501987042,,,,,,,,356.40999999999997,,,0,Não identificado,,,0.0,0.8,90.0,0.0,0,
null,PSEUDO-FASTBACK,App2Car,547.998,,33.0,,,1122.0,15.0,1.9584569931030273,1.987187385559082,9.861717224121094,10.248801593732114,,,,,,,,276.605,,,0,Não identificado,,,0.0,0.8,90.0,0.0,0,
null,PSEUDO-FASTBACK,App2Car,548.998,,32.0,,,1638.0,14.0,0.6105214357376099,3.2417490482330322,8.801085472106934,9.398977540272485,,,,,,,,284.51,,,0,Não identificado,,,0.0,0.8666666666666667,90.0,0.0,0,
null,PSEUDO-FASTBACK,App2Car,549.998,,32.0,,,1744.0,14.0,-0.5937620401382446,4.280832767486572,8.851364135742188,9.85011317737004,,,,,,,,397.90000000000003,,,0,Não identificado,,,0.0,0.8666666666666667,90.0,0.0,0,
null,PSEUDO-FASTBACK,App2Car,550.999,,44.0,,,1621.0,17.0,-0.9840168952941895,5.609614372253418,7.711723804473877,9.586800649440123,,,,,,,,518.8050000000001,,,0,Não identificado,,,0.0,0.8666666666666667,90.0,0.0,0,
null,PSEUDO-FASTBACK,App2Car,552.001,,51.0,,,1597.0,20.0,-1.1540051698684692,5.2911858558654785,7.47230339050293,9.228417722075417,,,,,,,,566.9350000000001,,,0,Não identificado,,,0.0,0.8,90.0,0.0,0,
null,PSEUDO-FASTBACK,App2Car,552.999,,52.0,,,1604.0,23.0,-0.6105214357376099,5.027823448181152,8.434772491455078,9.838553350578662,,,,,,,,601.5,,,0,Não identificado,,,0.0,0.8333333333333334,90.0,0.0,1,
null,PSEUDO-FASTBACK,App2Car,553.999,,56.0,,,1612.0,26.0,-0.8475474119186401,4.728548526763916,7.960720539093018,9.297880365274045,,,,,,,,660.9200000000001,,,0,Não identificado,,,0.0,0.8333333333333334,90.0,0.0,1,
null,PSEUDO-FASTBACK,App2Car,554.998,,55.0,,,1601.0,27.0,-0.7254431247711182,5.073313236236572,7.632715225219727,9.193645448327443,,,,,,,,656.4100000000001,,,0,Não identificado,,,0.0,0.9,90.0,0.0,1,
null,PSEUDO-FASTBACK,App2Car,555.999,,58.0,,,1605.0,30.0,-0.667982280254364,5.272032260894775,7.115567684173584,8.880981249541321,,,,,,,,706.2,,,0,Não identificado,,,0.0,0.8666666666666667,90.0,0.0,1,
null,PSEUDO-FASTBACK,App2Car,556.998,,56.0,,,1599.0,32.0,-0.4884171485900879,4.759673118591309,8.96149730682373,10.158812602223085,,,,,,,,689.475,,,0,Não identificado,,,0.0,0.8333333333333334,90.0,0.0,1,
null,PSEUDO-FASTBACK,App2Car,557.998,,58.0,,,1601.0,34.0,-0.37828385829925537,5.52821159362793,9.476250648498535,10.977410826535596,,,,,,,,736.46,,,0,Não identificado,,,0.0,0.8333333333333334,90.0,0.0,1,
null,PSEUDO-FASTBACK,App2Car,558.999,,56.0,,,1631.0,35.0,-0.011971008032560349,5.118803024291992,10.429142951965332,11.61762929426922,,,,,,,,723.5999999999999,,,0,Não identificado,,,0.0,0.8,90.0,0.0,1,
null,PSEUDO-FASTBACK,App2Car,559.998,,57.0,,,1696.0,37.0,-0.7709329724311829,5.3342814445495605,7.9176249504089355,9.57797896390389,,,,,,,,779.73,,,0,Não identificado,,,0.0,0.8,90.0,0.0,1,
null,PSEUDO-FASTBACK,App2Car,560.999,,57.0,,,1750.0,38.0,-0.15083470940589905,5.051765441894531,9.282320022583008,10.56903733511841,,,,,,,,831.25,,,0,Não identificado,,,0.0,0.8,90.0,0.0,1,
null,PSEUDO-FASTBACK,App2Car,561.998,,59.0,,,1764.0,39.0,0.2322375625371933,5.679046630859375,9.660603523254395,11.208602292634156,,,,,,,,864.36,,,0,Não identificado,,,0.0,0.8,90.0,0.0,1,
null,PSEUDO-FASTBACK,App2Car,562.998,,55.0,,,1800.0,40.0,-0.44532153010368347,5.389348030090332,7.862558364868164,9.54270441204016,,,,,,,,855.0,,,0,Não identificado,,,0.0,0.8,90.0,0.0,1,
null,PSEUDO-FASTBACK,App2Car,563.998,,54.0,,,1882.0,41.0,-0.395043283700943,5.386953830718994,7.592013359069824,9.317402943663536,,,,,,,,893.95,,,0,Não identificado,,,0.0,0.8333333333333334,90.0,0.0,1,
null,PSEUDO-FASTBACK,App2Car,564.998,,56.0,,,1869.0,41.0,-0.6033388376235962,5.439626216888428,8.02536392211914,9.713908441760012,,,,,,,,912.77,,,0,Não identificado,,,0.0,0.8,90.0,0.0,1,
null,PSEUDO-FASTBACK,App2Car,565.998,,56.0,,,1864.0,41.0,-0.3519476354122162,5.853823184967041,8.259995460510254,10.130085785746335,,,,,,,,912.77,,,0,Não identificado,,,0.0,0.8,90.0,0.0,1,
null,PSEUDO-FASTBACK,App2Car,566.999,,54.0,,,1947.0,42.0,0.181959331035614,4.551377296447754,8.22887134552002,9.40544885233509,,,,,,,,917.28,,,0,Não identificado,,,0.0,0.8,90.0,0.0,1,
null,PSEUDO-FASTBACK,App2Car,567.998,,56.0,,,1948.0,42.0,0.07422025501728058,4.9368438720703125,7.299921035766602,8.812875988681604,,,,,,,,949.6199999999999,,,0,Não identificado,,,0.0,0.8333333333333334,90.0,0.0,1,
null,PSEUDO-FASTBACK,App2Car,568.998,,52.0,,,1951.0,42.0,-1.237802267074585,5.638344764709473,9.172186851501465,10.837531904310966,,,,,,,,915.56,,,0,Não identificado,,,0.0,0.8,90.0,0.0,1,
null,PSEUDO-FASTBACK,App2Car,569.998,,54.0,,,1957.0,43.0,0.47165772318840027,4.989516258239746,6.40927791595459,8.13612788143262,,,,,,,,935.04,,,0,Não identificado,,,0.0,0.8333333333333334,90.0,0.0,1,
null,PSEUDO-FASTBACK,App2Car,570.999,,54.0,,,1854.0,43.0,1.5610195398330688,4.867412090301514,8.034940719604492,9.523064361229128,,,,,,,,935.04,,,0,Não identificado,,,0.0,0.8,90.0,0.0,1,
null,PSEUDO-FASTBACK,App2Car,571.998,,57.0,,,1554.0,43.0,1.170764684677124,4.216189384460449,9.818621635437012,10.749524347262808,,,,,,,,861.5,,,0,Não identificado,,,0.0,0.7333333333333333,90.0,0.0,1,
null,PSEUDO-FASTBACK,App2Car,572.998,,26.0,,,1500.0,41.0,0.1604115068912506,4.110844135284424,9.078812599182129,9.967427429744028,,,,,,,,501.5,,,0,Não identificado,,,0.0,0.8,90.0,0.0,0,
null,PSEUDO-FASTBACK,App2Car,573.998,,18.0,,,1511.0,36.0,-0.5554547905921936,2.3918075561523438,9.593565940856934,9.902816815009224,,,,,,,,437.76,,,0,Não identificado,,,0.0,0.9333333333333333,90.0,0.0,0,
null,PSEUDO-FASTBACK,App2Car,574.999,,19.0,,,1478.0,31.0,-0.49320554733276367,1.5538369417190552,9.354146003723145,9.49514130554887,,,,,,,,400.67999999999995,,,0,Não identificado,,,0.0,0.8,90.0,0.0,0,
null,PSEUDO-FASTBACK,App2Car,575.998,,28.0,,,1169.0,21.0,0.22505496442317963,1.7932571172714233,9.20091724395752,9.376742449049722,,,,,,,,390.42,,,0,Não identificado,,,0.0,0.8,90.0,0.0,0,
null,PSEUDO-FASTBACK,App2Car,576.998,,35.0,,,1116.0,16.0,0.8643068075180054,4.350264549255371,8.769960403442383,9.827717608070415,,,,,,,,315.615,,,0,Não identificado,,,0.0,0.8,90.0,0.0,0,
null,PSEUDO-FASTBACK,App2Car,577.998,,31.0,,,1911.0,14.0,0.5889736413955688,6.605602264404297,12.011710166931152,13.720861939401589,,,,,,,,289.96,,,0,Não identificado,,,0.0,0.8666666666666667,90.0,0.0,0,
null,PSEUDO-FASTBACK,App2Car,578.999,,42.0,,,2014.0,15.0,0.2322375625371933,5.353435039520264,7.970297336578369,9.604105405569266,,,,,,,,538.65,,,0,Não identificado,,,0.0,0.8,90.0,0.0,0,
null,PSEUDO-FASTBACK,App2Car,579.998,,42.0,,,2042.0,17.0,0.9672574996948242,4.4292731285095215,9.734824180603027,10.738754552782451,,,,,,,,603.865,,,0,Não identificado,,,0.0,0.8,90.0,0.0,1,
null,PSEUDO-FASTBACK,App2Car,580.999,,41.0,,,2066.0,20.0,0.8331822156906128,4.2544965744018555,8.860940933227539,9.86464433866156,,,,,,,,628.2,,,0,Não identificado,,,0.0,0.8333333333333334,90.0,0.0,1,
null,PSEUDO-FASTBACK,App2Car,581.999,,55.0,,,1835.0,23.0,-0.2777273952960968,5.779603004455566,8.135497093200684,9.983348954568628,,,,,,,,742.52,,,0,Não identificado,,,0.0,0.8333333333333334,90.0,0.0,1,
null,PSEUDO-FASTBACK,App2Car,582.998,,58.0,,,1802.0,25.0,-0.026336219161748886,4.833893299102783,8.178592681884766,9.500347166273954,,,,,,,,734.72,,,0,Não identificado,,,0.0,0.8333333333333334,90.0,0.0,1,
null,PSEUDO-FASTBACK,App2Car,583.998,,59.0,,,1826.0,28.0,-0.3232172429561615,5.178658485412598,7.886500358581543,9.440331614969196,,,,,,,,765.0,,,0,Não identificado,,,0.0,0.8333333333333334,90.0,0.0,1,
null,PSEUDO-FASTBACK,App2Car,584.998,,57.0,,,1792.0,29.0,-0.395043283700943,4.225766181945801,7.754819393157959,8.840270518540299,,,,,,,,784.3199999999999,,,0,Não identificado,,,0.0,0.8666666666666667,90.0,0.0,1,
null,PSEUDO-FASTBACK,App2Car,585.999,,56.0,,,1771.0,32.0,-0.26336219906806946,4.266467571258545,9.047688484191895,10.006636402481973,,,,,,,,805.1850000000002,,,0,Não identificado,,,0.0,0.8333333333333334,90.0,0.0,1,
null,PSEUDO-FASTBACK,App2Car,586.998,,56.0,,,1711.0,35.0,-0.016759412363171577,4.2329487800598145,8.145073890686035,9.179344472087752,,,,,,,,782.0999999999999,,,0,Não identificado,,,0.0,0.8666666666666667,90.0,0.0,1,
null,PSEUDO-FASTBACK,App2Car,587.998,,56.0,,,1631.0,38.0,-0.15083470940589905,4.572925090789795,8.216899871826172,9.404883757875659,,,,,,,,758.415,,,0,Não identificado,,,0.0,0.8333333333333334,90.0,0.0,1,
null,PSEUDO-FASTBACK,App2Car,588.998,,54.0,,,1505.0,41.0,0.2968810200691223,4.01268196105957,7.560888767242432,8.564858073039094,,,,,,,,729.12,,,0,Não identificado,,,0.0,0.8333333333333334,90.0,0.0,1,
null,PSEUDO-FASTBACK,App2Car,589.998,,33.0,,,1507.0,42.0,0.15083470940589905,3.9049429893493652,9.349357604980469,10.133203762159155,,,,,,,,562.125,,,0,Não identificado,,,0.0,0.8,90.0,0.0,0,
null,PSEUDO-FASTBACK,App2Car,590.998,,19.0,,,1505.0,42.0,-0.05506663769483566,3.3494882583618164,8.688557624816895,9.311988913613165,,,,,,,,466.955,,,0,Não identificado,,,0.0,0.6666666666666666,90.0,0.0,0,
null,PSEUDO-FASTBACK,App2Car,591.998,,22.0,,,1504.0,43.0,0.8403648138046265,3.1316158771514893,7.618350028991699,8.279642998737687,,,,,,,,484.9,,,0,Não identificado,,,0.0,0.6666666666666666,90.0,0.0,0,
null,PSEUDO-FASTBACK,App2Car,592.998,,20.0,,,1547.0,42.0,1.8195933103561401,3.07415509223938,8.920795440673828,9.609471402766184,,,,,,,,472.75,,,0,Não identificado,,,0.0,0.7,90.0,0.0,0,
null,PSEUDO-FASTBACK,App2Car,593.998,,20.0,,,1546.0,43.0,1.7717092037200928,2.9328970909118652,9.682151794433594,10.27058431730539,,,,,,,,472.75,,,0,Não identificado,,,0.0,0.7,90.0,0.0,0,
null,PSEUDO-FASTBACK,App2Car,594.998,,21.0,,,1513.0,42.0,1.3646949529647827,3.5266590118408203,9.555258750915527,10.276316747618933,,,,,,,,494.72,,,0,Não identificado,,,0.0,0.7,90.0,0.0,0,
null,PSEUDO-FASTBACK,App2Car,595.998,,19.0,,,1552.0,43.0,1.359906554222107,4.089296340942383,9.260771751403809,10.214381226088038,,,,,,,,465.30999999999995,,,0,Não identificado,,,0.0,0.6666666666666666,90.0,0.0,0,
null,PSEUDO-FASTBACK,App2Car,596.998,,19.0,,,1522.0,45.0,1.0031704902648926,3.464409828186035,7.196970462799072,8.050147224279355,,,,,,,,493.76,,,0,Não identificado,,,0.0,0.6666666666666666,90.0,0.0,0,
null,PSEUDO-FASTBACK,App2Car,597.998,,18.0,,,1503.0,46.0,0.31842881441116333,3.5386300086975098,8.966285705566406,9.644562125993398,,,,,,,,488.32000000000005,,,0,Não identificado,,,0.0,0.9,90.0,0.0,0,
null,PSEUDO-FASTBACK,App2Car,598.999,,18.0,,,1513.0,47.0,0.12689268589019775,3.5649664402008057,9.196128845214844,9.863765670943472,,,,,,,,488.32000000000005,,,0,Não identificado,,,0.0,0.9,90.0,0.0,0,
null,PSEUDO-FASTBACK,App2Car,599.998,,21.0,,,1537.0,47.0,0.6560112833976746,4.0078935623168945,9.028534889221191,9.899899184168017,,,,,,,,514.4200000000001,,,0,Não identificado,,,0.0,0.7333333333333333,88.0,0.0,0,
null,PSEUDO-FASTBACK,App2Car,600.999,,20.0,,,1523.0,47.0,1.4844050407409668,3.3686418533325195,10.299856185913086,10.937926847053458,,,,,,,,514.895,,,0,Não identificado,,,0.0,0.7333333333333333,88.0,0.0,0,
null,PSEUDO-FASTBACK,App2Car,601.998,,21.0,,,1521.0,48.0,2.051830768585205,4.082113742828369,8.5903959274292,9.729777196950264,,,,,,,,525.435,,,0,Não identificado,,,0.0,0.7333333333333333,88.0,0.0,0,
null,PSEUDO-FASTBACK,App2Car,602.998,,21.0,,,1512.0,47.0,0.5530605912208557,3.8953661918640137,9.284713745117188,10.083930935654346,,,,,,,,525.435,,,0,Não identificado,,,0.0,0.7333333333333333,88.0,0.0,0,
null,PSEUDO-FASTBACK,App2Car,603.998,,22.0,,,1523.0,47.0,1.656787633895874,3.646369218826294,9.184157371520996,10.019466072036854,,,,,,,,521.64,,,0,Não identificado,,,0.0,0.7,88.0,0.0,0,
null,PSEUDO-FASTBACK,App2Car,604.999,,22.0,,,1515.0,46.0,4.836287498474121,2.2673089504241943,7.790732383728027,9.445945041097758,,,,,,,,521.64,,,0,Não identificado,,,0.0,0.7,88.0,0.0,0,
null,PSEUDO-FASTBACK,App2Car,605.999,,18.0,,,1545.0,45.0,2.6384103298187256,3.19865345954895,7.484274387359619,8.5561063649341,,,,,,,,492.975,,,0,Não identificado,,,0.0,0.9,88.0,0.0,0,
null,PSEUDO-FASTBACK,App2Car,606.998,,20.0,,,1512.0,44.0,2.3942017555236816,4.077325344085693,8.825027465820312,10.011887623228652,,,,,,,,493.44,,,0,Não identificado,,,0.0,0.7333333333333333,88.0,0.0,0,
null,PSEUDO-FASTBACK,App2Car,607.999,,23.0,,,1527.0,44.0,2.0231003761291504,3.40216064453125,8.71728801727295,9.573857245602827,,,,,,,,505.85,,,0,Não identificado,,,0.0,0.7666666666666667,88.0,0.0,0,
null,PSEUDO-FASTBACK,App2Car,608.998,,26.0,,,1533.0,43.0,1.4676456451416016,3.7397429943084717,8.796297073364258,9.670289737441118,,,,,,,,530.265,,,0,Não identificado,,,0.0,0.7666666666666667,88.0,0.0,0,
null,PSEUDO-FASTBACK,App2Car,610.000,,31.0,,,1526.0,42.0,2.3343467712402344,4.094084739685059,7.948749542236328,9.240850826050814,,,,,,,,556.26,,,0,Não identificado,,,0.0,0.7666666666666667,88.0,0.0,0,
null,PSEUDO-FASTBACK,App2Car,610.998,,35.0,,,1532.0,42.0,2.1116859912872314,4.122815132141113,8.26239013671875,9.472270747342359,,,,,,,,587.51,,,0,Não identificado,,,0.0,0.8,88.0,0.0,0,
null,PSEUDO-FASTBACK,App2Car,611.998,,36.0,,,1534.0,41.0,1.8124107122421265,4.185064792633057,9.847352027893066,10.852186041053502,,,,,,,,590.5899999999999,,,0,Não identificado,,,0.0,0.8333333333333334,88.0,0.0,0,
null,PSEUDO-FASTBACK,App2Car,612.998,,35.0,,,1535.0,42.0,1.460463047027588,4.055777549743652,7.649474620819092,8.780475261584257,,,,,,,,590.9749999999999,,,0,Não identificado,,,0.0,0.8,88.0,0.0,0,
null,PSEUDO-FASTBACK,App2Car,613.999,,28.0,,,1517.0,42.0,1.2856862545013428,4.23773717880249,9.35654067993164,10.35163074287497,,,,,,,,530.95,,,0,Não identificado,,,0.0,0.7666666666666667,88.0,0.0,0,
null,PSEUDO-FASTBACK,App2Car,614.998,,18.0,,,1521.0,42.0,0.7709329724311829,4.280832767486572,8.51138687133789,9.558429437138265,,,,,,,,456.30000000000007,,,0,Não identificado,,,0.0,0.9,88.0,0.0,0,
null,PSEUDO-FASTBACK,App2Car,615.998,,18.0,,,1504.0,42.0,0.7829039692878723,3.6798880100250244,10.405200958251953,11.064480167321916,,,,,,,,456.30000000000007,,,0,Não identificado,,,0.0,0.9,88.0,0.0,0,
null,PSEUDO-FASTBACK,App2Car,616.998,,18.0,,,1512.0,39.0,1.4532804489135742,2.5115175247192383,9.775525093078613,10.197089544844447,,,,,,,,445.45000000000005,,,0,Não identificado,,,0.0,0.9333333333333333,88.0,0.0,0,
null,PSEUDO-FASTBACK,App2Car,617.999,,21.0,,,1497.0,35.0,1.0845733880996704,1.8698714971542358,5.961562156677246,6.34136753373987,,,,,,,,435.58000000000004,,,0,Não identificado,,,0.0,0.8,88.0,0.0,0,
null,PSEUDO-FASTBACK,App2Car,619.001,,21.0,,,1507.0,29.0,-0.395043283700943,2.518700122833252,10.484209060668945,10.789742774161498,,,,,,,,409.05,,,0,Não identificado,,,0.0,0.8,88.0,0.0,0,
null,PSEUDO-FASTBACK,App2Car,619.999,,29.0,,,1259.0,23.0,-0.8164227604866028,3.4524388313293457,9.397241592407227,10.044602010730918,,,,,,,,393.25,,,0,Não identificado,,,0.0,0.8,88.0,0.0,0,
null,PSEUDO-FASTBACK,App2Car,620.999,,36.0,,,1563.0,26.0,-0.181959331035614,4.568136692047119,8.08282470703125,9.28617452345006,,,,,,,,363.865,,,0,Não identificado,,,0.0,0.9,88.0,0.0,0,
null,PSEUDO-FASTBACK,App2Car,621.999,,23.0,,,1671.0,27.0,0.090979665517807,4.4508209228515625,7.829039573669434,9.006217010094362,,,,,,,,397.39,,,0,Não identificado,,,0.0,0.8,88.0,0.0,0,
null,PSEUDO-FASTBACK,App2Car,622.999,,26.0,,,1583.0,29.0,-0.730231523513794,4.613626480102539,8.825027465820312,9.984983582776664,,,,,,,,461.17499999999995,,,0,Não identificado,,,0.0,0.8666666666666667,88.0,0.0,0,
null,PSEUDO-FASTBACK,App2Car,623.998,,32.0,,,1504.0,31.0,-0.05267243832349777,4.182670593261719,8.02536392211914,9.0500814228352,,,,,,,,473.76,,,0,Não identificado,,,0.0,0.9,88.0,0.0,0,
null,PSEUDO-FASTBACK,App2Car,624.998,,30.0,,,1521.0,32.0,-0.3256114423274994,4.338293552398682,8.5903959274292,9.629211595356638,,,,,,,,464.21000000000004,,,0,Não identificado,,,0.0,0.9,88.0,0.0,0,
null,PSEUDO-FASTBACK,App2Car,625.998,,25.0,,,1517.0,33.0,1.7286136150360107,3.1100680828094482,7.714118003845215,8.495189526258185,,,,,,,,434.625,,,0,Não identificado,,,0.0,0.8666666666666667,88.0,0.0,0,
null,PSEUDO-FASTBACK,App2Car,626.998,,21.0,,,1519.0,33.0,1.316810965538025,2.0231003761291504,9.50737476348877,9.809031610932765,,,,,,,,410.94000000000005,,,0,Não identificado,,,0.0,0.8,88.0,0.0,0,
null,PSEUDO-FASTBACK,App2Car,627.998,,22.0,,,1513.0,32.0,1.3958195447921753,1.9800047874450684,8.939949035644531,9.262365784174733,,,,,,,,417.725,,,0,Não identificado,,,0.0,0.7666666666666667,88.0,0.0,0,
null,PSEUDO-FASTBACK,App2Car,628.998,,24.0,,,1496.0,31.0,-0.40462008118629456,2.5522189140319824,9.536105155944824,9.880022284412078,,,,,,,,414.425,,,0,Não identificado,,,0.0,0.8333333333333334,88.0,0.0,0,
null,PSEUDO-FASTBACK,App2Car,629.997,,24.0,,,1461.0,28.0,-0.5817909836769104,3.3638534545898438,9.634267807006836,10.221208685364568,,,,,,,,393.9,,,0,Não identificado,,,0.0,0.8333333333333334,88.0,0.0,0,
null,PSEUDO-FASTBACK,App2Car,630.999,,37.0,,,1250.0,27.0,-0.272938996553421,3.2537200450897217,9.48343276977539,10.029789974197266,,,,,,,,400.0,,,0,Não identificado,,,0.0,0.8333333333333334,88.0,0.0,0,
null,PSEUDO-FASTBACK,App2Car,631.999,,33.0,,,1125.0,26.0,0.05985504388809204,3.2297780513763428,9.694122314453125,10.218172847187956,,,,,,,,331.875,,,0,Não identificado,,,0.0,0.8333333333333334,88.0,0.0,0,
null,PSEUDO-FASTBACK,App2Car,632.999,,30.0,,,1100.0,25.0,0.5578489899635315,2.5043349266052246,8.992621421813965,9.351477367575967,,,,,,,,302.5,,,0,Não identificado,,,0.0,0.8333333333333334,88.0,0.0,0,
null,PSEUDO-FASTBACK,App2Car,633.998,,31.0,,,1096.0,23.0,0.4644751250743866,2.2194249629974365,9.847352027893066,10.105044595123701,,,,,,,,295.92,,,0,Não identificado,,,0.0,0.8333333333333334,88.0,0.0,0,
null,PSEUDO-FASTBACK,App2Car,634.998,,32.0,,,1090.0,19.0,-0.3208230137825012,2.0877439975738525,11.061211585998535,11.26108361374723,,,,,,,,277.95,,,0,Não identificado,,,0.0,0.8,88.0,0.0,0,
null,PSEUDO-FASTBACK,App2Car,635.998,,32.0,,,1041.0,12.0,0.5602431893348694,2.940079689025879,7.5848307609558105,8.153992806065022,,,,,,,,277.95,,,0,Não identificado,,,0.0,0.8,88.0,0.0,0,
null,PSEUDO-FASTBACK,App2Car,636.998,,34.0,,,1026.0,10.0,1.9800047874450684,3.3207578659057617,10.070012092590332,10.786704561968678,,,,,,,,225.71999999999997,,,0,Não identificado,,,0.0,0.8,88.0,0.0,0,
null,PSEUDO-FASTBACK,App2Car,637.998,,34.0,,,1007.0,10.0,1.6376339197158813,3.134010076522827,8.08282470703125,8.822466733252408,,,,,,,,225.71999999999997,,,0,Não identificado,,,0.0,0.8,88.0,0.0,0,
null,PSEUDO-FASTBACK,App2Car,638.998,,31.0,,,1351.0,10.0,2.0159177780151367,2.3750481605529785,6.651092529296875,7.344508838985237,,,,,,,,276.955,,,0,Não identificado,,,0.0,0.8,88.0,0.0,0,
null,PSEUDO-FASTBACK,App2Car,639.999,,33.0,,,1269.0,9.0,0.395043283700943,3.4332852363586426,10.350133895874023,10.911864110806908,,,,,,,,261.03,,,0,Não identificado,,,0.0,0.8,88.0,0.0,0,
null,PSEUDO-FASTBACK,App2Car,640.999,,28.0,,,1334.0,10.0,-0.2825157940387726,3.134010076522827,9.38048267364502,9.89420484547305,,,,,,,,253.45999999999998,,,0,Não identificado,,,0.0,0.7666666666666667,88.0,0.0,0,
null,PSEUDO-FASTBACK,App2Car,641.998,,32.0,,,1377.0,10.0,-0.646434485912323,4.010287761688232,7.268796443939209,8.326805342959954,,,,,,,,289.16999999999996,,,0,Não identificado,,,0.0,0.8,88.0,0.0,0,
null,PSEUDO-FASTBACK,App2Car,642.998,,31.0,,,1422.0,11.0,1.8986018896102905,3.576937437057495,7.1251444816589355,8.195538691774324,,,,,,,,298.62,,,0,Não identificado,,,0.0,0.8666666666666667,88.0,0.0,0,
null,PSEUDO-FASTBACK,App2Car,643.998,,33.0,,,1628.0,11.0,1.9704279899597168,2.7916390895843506,7.4316020011901855,8.179519764277485,,,,,,,,358.16,,,0,Não identificado,,,0.0,0.8666666666666667,88.0,0.0,0,
null,PSEUDO-FASTBACK,App2Car,644.998,,31.0,,,1838.0,14.0,-2.542642116546631,4.955997467041016,12.569559097290039,13.748481942615355,,,,,,,,376.68,,,0,Não identificado,,,0.0,0.8666666666666667,88.0,0.0,0,
null,PSEUDO-FASTBACK,App2Car,645.998,,33.0,,,1755.0,16.0,-0.9911994934082031,3.3231520652770996,9.215282440185547,9.846179286255163,,,,,,,,421.43999999999994,,,0,Não identificado,,,0.0,0.8666666666666667,88.0,0.0,0,
null,PSEUDO-FASTBACK,App2Car,646.998,,32.0,,,1750.0,18.0,-1.5849615335464478,3.8977603912353516,8.640673637390137,9.610716936742751,,,,,,,,430.7099999999999,,,0,Não identificado,,,0.0,0.8666666666666667,88.0,0.0,0,
null,PSEUDO-FASTBACK,App2Car,647.999,,35.0,,,1604.0,20.0,-0.7829039692878723,2.964021682739258,9.409213066101074,9.896042324291178,,,,,,,,451.43999999999994,,,0,Não identificado,,,0.0,0.9,88.0,0.0,0,
null,PSEUDO-FASTBACK,App2Car,648.998,,42.0,,,1495.0,21.0,-0.5051765441894531,2.559401512145996,10.8720703125,11.180682104465642,,,,,,,,475.23,,,0,Não identificado,,,0.0,0.8666666666666667,88.0,0.0,0,
null,PSEUDO-FASTBACK,App2Car,649.998,,38.0,,,1517.0,21.0,-1.3431471586227417,2.698265314102173,8.619126319885254,9.130937438901986,,,,,,,,451.35,,,0,Não identificado,,,0.0,0.9,88.0,0.0,0,
null,PSEUDO-FASTBACK,App2Car,651.000,,34.0,,,1514.0,23.0,-1.821987509727478,3.3039982318878174,9.05247688293457,9.807312604275728,,,,,,,,436.05000000000007,,,0,Não identificado,,,0.0,0.9,88.0,0.0,0,
null,PSEUDO-FASTBACK,App2Car,651.998,,34.0,,,1507.0,23.0,-0.9026140570640564,1.5658079385757446,9.50737476348877,9.677636154037803,,,,,,,,436.05000000000007,,,0,Não identificado,,,0.0,0.9,88.0,0.0,0,
null,PSEUDO-FASTBACK,App2Car,652.997,,33.0,,,1532.0,24.0,-2.3343467712402344,3.5721490383148193,8.793902397155762,9.774566126996893,,,,,,,,425.59999999999997,,,0,Não identificado,,,0.0,0.9,88.0,0.0,0,
null,PSEUDO-FASTBACK,App2Car,653.999,,31.0,,,1531.0,23.0,-3.246537446975708,3.287238836288452,9.739612579345703,10.779888578142526,,,,,,,,421.3,,,0,Não identificado,,,0.0,0.9,88.0,0.0,0,
null,PSEUDO-FASTBACK,App2Car,654.998,,27.0,,,1534.0,23.0,-1.6950948238372803,1.0821791887283325,7.5417351722717285,7.805269224504503,,,,,,,,380.75,,,0,Não identificado,,,0.0,0.8666666666666667,88.0,0.0,0,
null,PSEUDO-FASTBACK,App2Car,655.999,,22.0,,,1592.0,22.0,-3.2369606494903564,2.604891538619995,9.509769439697266,10.377817158271922,,,,,,,,344.74,,,0,Não identificado,,,0.0,0.7,88.0,0.0,0,
null,PSEUDO-FASTBACK,App2Car,657.000,,20.0,,,1483.0,21.0,-3.950432777404785,3.315969467163086,9.411606788635254,10.73219059557913,,,,,,,,327.59000000000003,,,0,Não identificado,,,0.0,0.8,88.0,0.0,0,
null,PSEUDO-FASTBACK,App2Car,657.998,,36.0,,,1128.0,20.0,-3.1531636714935303,-0.6033388376235962,10.675745010375977,11.148003875976142,,,,,,,,367.92,,,0,Não identificado,,,0.0,0.8333333333333334,88.0,0.0,0,
null,PSEUDO-FASTBACK,App2Car,658.999,,37.0,,,1145.0,16.0,-4.932055473327637,1.3024457693099976,5.628767967224121,7.596352085232949,,,,,,,,303.42499999999995,,,0,Não identificado,,,0.0,0.8,88.0,0.0,0,
null,PSEUDO-FASTBACK,App2Car,659.998,,38.0,,,1457.0,15.0,-7.841010570526123,0.6440402865409851,9.430760383605957,12.281509519223675,,,,,,,,294.94500000000005,,,0,Não identificado,,,0.0,0.8666666666666667,89.0,0.0,0,
null,PSEUDO-FASTBACK,App2Car,660.998,,22.0,,,1557.0,13.0,-1.7477672100067139,1.7286136150360107,8.121131896972656,8.485020833120519,,,,,,,,262.26,,,0,Não identificado,,,0.0,0.7333333333333333,89.0,0.0,0,
null,PSEUDO-FASTBACK,App2Car,661.998,,30.0,,,1551.0,11.0,0.33039984107017517,4.917690277099609,9.184157371520996,10.423127570039748,,,,,,,,309.755,,,0,Não identificado,,,0.0,0.8666666666666667,89.0,0.0,0,
null,PSEUDO-FASTBACK,App2Car,662.999,,26.0,,,1739.0,12.0,-0.828393816947937,-0.047884032130241394,6.378153324127197,6.431902441934691,,,,,,,,294.69,,,0,Não identificado,,,0.0,0.8666666666666667,89.0,0.0,0,
null,PSEUDO-FASTBACK,App2Car,663.999,,32.0,,,1701.0,14.0,-3.97916316986084,2.0877439975738525,12.073959350585938,12.883047346469864,,,,,,,,391.46,,,0,Não identificado,,,0.0,0.8666666666666667,89.0,0.0,0,
null,PSEUDO-FASTBACK,App2Car,664.998,,38.0,,,1543.0,16.0,-3.0837318897247314,1.7381904125213623,8.973467826843262,9.646441474309455,,,,,,,,447.12,,,0,Não identificado,,,0.0,0.8666666666666667,89.0,0.0,0,
null,PSEUDO-FASTBACK,App2Car,665.998,,46.0,,,1499.0,18.0,-3.287238836288452,0.5602431893348694,8.274360656738281,8.92103446220098,,,,,,,,479.04,,,0,Não identificado,,,0.0,0.9,89.0,0.0,0,
null,PSEUDO-FASTBACK,App2Car,667.000,,54.0,,,1478.0,20.0,-1.623268723487854,2.1332337856292725,8.370129585266113,8.788899647108913,,,,,,,,567.58,,,0,Não identificado,,,0.0,0.9,89.0,0.0,0,
null,PSEUDO-FASTBACK,App2Car,667.998,,46.0,,,1522.0,19.0,-2.1284453868865967,-0.004788403399288654,11.638214111328125,11.831243822814365,,,,,,,,501.15000000000003,,,0,Não identificado,,,0.0,0.8666666666666667,89.0,0.0,0,
null,PSEUDO-FASTBACK,App2Car,668.998,,51.0,,,1505.0,19.0,-2.1380221843719482,-0.10773907601833344,11.896788597106934,12.087858598346584,,,,,,,,526.75,,,0,Não identificado,,,0.0,0.8333333333333334,89.0,0.0,0,
null,PSEUDO-FASTBACK,App2Car,669.998,,39.0,,,1462.0,18.0,-3.914519786834717,0.6320692300796509,9.641449928283691,10.42499560636529,,,,,,,,416.66999999999996,,,0,Não identificado,,,0.0,0.8666666666666667,89.0,0.0,0,
null,PSEUDO-FASTBACK,App2Car,670.997,,30.0,,,1466.0,15.0,-1.745373010635376,5.073313236236572,8.293514251708984,9.877611694257252,,,,,,,,355.55500000000006,,,0,Não identificado,,,0.0,0.8666666666666667,89.0,0.0,0,
null,PSEUDO-FASTBACK,App2Car,671.999,,24.0,,,1595.0,13.0,-2.7940332889556885,5.212177276611328,7.632715225219727,9.655659257239613,,,,,,,,295.075,,,0,Não identificado,,,0.0,0.7666666666666667,89.0,0.0,0,
null,PSEUDO-FASTBACK,App2Car,673.000,,39.0,,,1413.0,11.0,-0.849941611289978,5.365406036376953,8.389283180236816,9.994501235979552,,,,,,,,353.25,,,0,Não identificado,,,0.0,0.8333333333333334,89.0,0.0,0,
null,PSEUDO-FASTBACK,App2Car,673.999,,40.0,,,1077.0,9.0,1.9991583824157715,5.966350555419922,9.229647636413574,11.170513357966032,,,,,,,,263.86499999999995,,,0,Não identificado,,,0.0,0.8333333333333334,89.0,0.0,0,
null,PSEUDO-FASTBACK,App2Car,674.998,,45.0,,,1003.0,7.0,-0.7134721279144287,3.9049429893493652,8.987833023071289,9.82541422424471,,,,,,,,260.78,,,0,Não identificado,,,0.0,0.8666666666666667,89.0,0.0,0,
null,PSEUDO-FASTBACK,App2Car,676.001,,65.0,,,1033.0,3.0,-0.8068459630012512,4.54419469833374,8.339004516601562,9.530986422835632,,,,,,,,351.22,,,0,Não identificado,,,0.0,0.8333333333333334,89.0,0.0,0,
null,PSEUDO-FASTBACK,App2Car,676.998,,61.0,,,947.0,2.0,-0.5219359993934631,5.011064052581787,8.913613319396973,10.238929755314828,,,,,,,,298.30500000000006,,,0,Não identificado,,,0.0,0.7666666666666667,89.0,0.0,0,
